ERROR: ld.so: object '/tools/Xilinx/Vivado/2024.2/lib/lnx64.o/Ubuntu/libgmp.so.10' from LD_PRELOAD cannot be preloaded (cannot open shared object file): ignored.

*** Running vivado
    with args -log design_1_axi_smc_0.vds -m64 -product Vivado -mode batch -messageDb vivado.pb -notrace -source design_1_axi_smc_0.tcl

ERROR: ld.so: object '/tools/Xilinx/Vivado/2024.2/lib/lnx64.o/Ubuntu/libgmp.so.10' from LD_PRELOAD cannot be preloaded (cannot open shared object file): ignored.
ERROR: ld.so: object '/tools/Xilinx/Vivado/2024.2/lib/lnx64.o/Ubuntu/libgmp.so.10' from LD_PRELOAD cannot be preloaded (cannot open shared object file): ignored.
ERROR: ld.so: object '/tools/Xilinx/Vivado/2024.2/lib/lnx64.o/Ubuntu/libgmp.so.10' from LD_PRELOAD cannot be preloaded (cannot open shared object file): ignored.
ERROR: ld.so: object '/tools/Xilinx/Vivado/2024.2/lib/lnx64.o/Ubuntu/libgmp.so.10' from LD_PRELOAD cannot be preloaded (cannot open shared object file): ignored.
ERROR: ld.so: object '/tools/Xilinx/Vivado/2024.2/lib/lnx64.o/Ubuntu/libgmp.so.10' from LD_PRELOAD cannot be preloaded (cannot open shared object file): ignored.
ERROR: ld.so: object '/tools/Xilinx/Vivado/2024.2/lib/lnx64.o/Ubuntu/libgmp.so.10' from LD_PRELOAD cannot be preloaded (cannot open shared object file): ignored.
ERROR: ld.so: object '/tools/Xilinx/Vivado/2024.2/lib/lnx64.o/Ubuntu/libgmp.so.10' from LD_PRELOAD cannot be preloaded (cannot open shared object file): ignored.
ERROR: ld.so: object '/tools/Xilinx/Vivado/2024.2/lib/lnx64.o/Ubuntu/libgmp.so.10' from LD_PRELOAD cannot be preloaded (cannot open shared object file): ignored.
ERROR: ld.so: object '/tools/Xilinx/Vivado/2024.2/lib/lnx64.o/Ubuntu/libgmp.so.10' from LD_PRELOAD cannot be preloaded (cannot open shared object file): ignored.
ERROR: ld.so: object '/tools/Xilinx/Vivado/2024.2/lib/lnx64.o/Ubuntu/libgmp.so.10' from LD_PRELOAD cannot be preloaded (cannot open shared object file): ignored.
ERROR: ld.so: object '/tools/Xilinx/Vivado/2024.2/lib/lnx64.o/Ubuntu/libgmp.so.10' from LD_PRELOAD cannot be preloaded (cannot open shared object file): ignored.
ERROR: ld.so: object '/tools/Xilinx/Vivado/2024.2/lib/lnx64.o/Ubuntu/libgmp.so.10' from LD_PRELOAD cannot be preloaded (cannot open shared object file): ignored.
ERROR: ld.so: object '/tools/Xilinx/Vivado/2024.2/lib/lnx64.o/Ubuntu/libgmp.so.10' from LD_PRELOAD cannot be preloaded (cannot open shared object file): ignored.
ERROR: ld.so: object '/tools/Xilinx/Vivado/2024.2/lib/lnx64.o/Ubuntu/libgmp.so.10' from LD_PRELOAD cannot be preloaded (cannot open shared object file): ignored.
ERROR: ld.so: object '/tools/Xilinx/Vivado/2024.2/lib/lnx64.o/Ubuntu/libgmp.so.10' from LD_PRELOAD cannot be preloaded (cannot open shared object file): ignored.
ERROR: ld.so: object '/tools/Xilinx/Vivado/2024.2/lib/lnx64.o/Ubuntu/libgmp.so.10' from LD_PRELOAD cannot be preloaded (cannot open shared object file): ignored.
ERROR: ld.so: object '/tools/Xilinx/Vivado/2024.2/lib/lnx64.o/Ubuntu/libgmp.so.10' from LD_PRELOAD cannot be preloaded (cannot open shared object file): ignored.
ERROR: ld.so: object '/tools/Xilinx/Vivado/2024.2/lib/lnx64.o/Ubuntu/libgmp.so.10' from LD_PRELOAD cannot be preloaded (cannot open shared object file): ignored.
ERROR: ld.so: object '/tools/Xilinx/Vivado/2024.2/lib/lnx64.o/Ubuntu/libgmp.so.10' from LD_PRELOAD cannot be preloaded (cannot open shared object file): ignored.
ERROR: ld.so: object '/tools/Xilinx/Vivado/2024.2/lib/lnx64.o/Ubuntu/libgmp.so.10' from LD_PRELOAD cannot be preloaded (cannot open shared object file): ignored.
ERROR: ld.so: object '/tools/Xilinx/Vivado/2024.2/lib/lnx64.o/Ubuntu/libgmp.so.10' from LD_PRELOAD cannot be preloaded (cannot open shared object file): ignored.
ERROR: ld.so: object '/tools/Xilinx/Vivado/2024.2/lib/lnx64.o/Ubuntu/libgmp.so.10' from LD_PRELOAD cannot be preloaded (cannot open shared object file): ignored.
ERROR: ld.so: object '/tools/Xilinx/Vivado/2024.2/lib/lnx64.o/Ubuntu/libgmp.so.10' from LD_PRELOAD cannot be preloaded (cannot open shared object file): ignored.
ERROR: ld.so: object '/tools/Xilinx/Vivado/2024.2/lib/lnx64.o/Ubuntu/libgmp.so.10' from LD_PRELOAD cannot be preloaded (cannot open shared object file): ignored.
ERROR: ld.so: object '/tools/Xilinx/Vivado/2024.2/lib/lnx64.o/Ubuntu/libgmp.so.10' from LD_PRELOAD cannot be preloaded (cannot open shared object file): ignored.
ERROR: ld.so: object '/tools/Xilinx/Vivado/2024.2/lib/lnx64.o/Ubuntu/libgmp.so.10' from LD_PRELOAD cannot be preloaded (cannot open shared object file): ignored.
ERROR: ld.so: object '/tools/Xilinx/Vivado/2024.2/lib/lnx64.o/Ubuntu/libgmp.so.10' from LD_PRELOAD cannot be preloaded (cannot open shared object file): ignored.
ERROR: ld.so: object '/tools/Xilinx/Vivado/2024.2/lib/lnx64.o/Ubuntu/libgmp.so.10' from LD_PRELOAD cannot be preloaded (cannot open shared object file): ignored.
ERROR: ld.so: object '/tools/Xilinx/Vivado/2024.2/lib/lnx64.o/Ubuntu/libgmp.so.10' from LD_PRELOAD cannot be preloaded (cannot open shared object file): ignored.
ERROR: ld.so: object '/tools/Xilinx/Vivado/2024.2/lib/lnx64.o/Ubuntu/libgmp.so.10' from LD_PRELOAD cannot be preloaded (cannot open shared object file): ignored.
ERROR: ld.so: object '/tools/Xilinx/Vivado/2024.2/lib/lnx64.o/Ubuntu/libgmp.so.10' from LD_PRELOAD cannot be preloaded (cannot open shared object file): ignored.
ERROR: ld.so: object '/tools/Xilinx/Vivado/2024.2/lib/lnx64.o/Ubuntu/libgmp.so.10' from LD_PRELOAD cannot be preloaded (cannot open shared object file): ignored.
ERROR: ld.so: object '/tools/Xilinx/Vivado/2024.2/lib/lnx64.o/Ubuntu/libgmp.so.10' from LD_PRELOAD cannot be preloaded (cannot open shared object file): ignored.
ERROR: ld.so: object '/tools/Xilinx/Vivado/2024.2/lib/lnx64.o/Ubuntu/libgmp.so.10' from LD_PRELOAD cannot be preloaded (cannot open shared object file): ignored.
ERROR: ld.so: object '/tools/Xilinx/Vivado/2024.2/lib/lnx64.o/Ubuntu/libgmp.so.10' from LD_PRELOAD cannot be preloaded (cannot open shared object file): ignored.

****** Vivado v2024.2 (64-bit)
  **** SW Build 5239630 on Fri Nov 08 22:34:34 MST 2024
  **** IP Build 5239520 on Sun Nov 10 16:12:51 MST 2024
  **** SharedData Build 5239561 on Fri Nov 08 14:39:27 MST 2024
  **** Start of session at: Tue Jul  8 18:28:26 2025
    ** Copyright 1986-2022 Xilinx, Inc. All Rights Reserved.
    ** Copyright 2022-2024 Advanced Micro Devices, Inc. All Rights Reserved.

source design_1_axi_smc_0.tcl -notrace
INFO: [IP_Flow 19-6924] IPCACHE: Running cache check for IP inst: design_1_axi_smc_0
Command: synth_design -top design_1_axi_smc_0 -part xc7z020clg484-1 -incremental_mode off -mode out_of_context
Starting synth_design
Attempting to get a license for feature 'Synthesis' and/or device 'xc7z020'
INFO: [Common 17-349] Got license for feature 'Synthesis' and/or device 'xc7z020'
INFO: [Device 21-403] Loading part xc7z020clg484-1
INFO: [Synth 8-7079] Multithreading enabled for synth_design using a maximum of 7 processes.
INFO: [Synth 8-7078] Launching helper process for spawning children vivado processes
INFO: [Synth 8-7075] Helper process launched with PID 95698
ERROR: ld.so: object '/tools/Xilinx/Vivado/2024.2/lib/lnx64.o/Ubuntu/libgmp.so.10' from LD_PRELOAD cannot be preloaded (cannot open shared object file): ignored.
ERROR: ld.so: object '/tools/Xilinx/Vivado/2024.2/lib/lnx64.o/Ubuntu/libgmp.so.10' from LD_PRELOAD cannot be preloaded (cannot open shared object file): ignored.
ERROR: ld.so: object '/tools/Xilinx/Vivado/2024.2/lib/lnx64.o/Ubuntu/libgmp.so.10' from LD_PRELOAD cannot be preloaded (cannot open shared object file): ignored.
ERROR: ld.so: object '/tools/Xilinx/Vivado/2024.2/lib/lnx64.o/Ubuntu/libgmp.so.10' from LD_PRELOAD cannot be preloaded (cannot open shared object file): ignored.
ERROR: ld.so: object '/tools/Xilinx/Vivado/2024.2/lib/lnx64.o/Ubuntu/libgmp.so.10' from LD_PRELOAD cannot be preloaded (cannot open shared object file): ignored.
ERROR: ld.so: object '/tools/Xilinx/Vivado/2024.2/lib/lnx64.o/Ubuntu/libgmp.so.10' from LD_PRELOAD cannot be preloaded (cannot open shared object file): ignored.
ERROR: ld.so: object '/tools/Xilinx/Vivado/2024.2/lib/lnx64.o/Ubuntu/libgmp.so.10' from LD_PRELOAD cannot be preloaded (cannot open shared object file): ignored.
ERROR: ld.so: object '/tools/Xilinx/Vivado/2024.2/lib/lnx64.o/Ubuntu/libgmp.so.10' from LD_PRELOAD cannot be preloaded (cannot open shared object file): ignored.
ERROR: ld.so: object '/tools/Xilinx/Vivado/2024.2/lib/lnx64.o/Ubuntu/libgmp.so.10' from LD_PRELOAD cannot be preloaded (cannot open shared object file): ignored.
ERROR: ld.so: object '/tools/Xilinx/Vivado/2024.2/lib/lnx64.o/Ubuntu/libgmp.so.10' from LD_PRELOAD cannot be preloaded (cannot open shared object file): ignored.
ERROR: ld.so: object '/tools/Xilinx/Vivado/2024.2/lib/lnx64.o/Ubuntu/libgmp.so.10' from LD_PRELOAD cannot be preloaded (cannot open shared object file): ignored.
ERROR: ld.so: object '/tools/Xilinx/Vivado/2024.2/lib/lnx64.o/Ubuntu/libgmp.so.10' from LD_PRELOAD cannot be preloaded (cannot open shared object file): ignored.
ERROR: ld.so: object '/tools/Xilinx/Vivado/2024.2/lib/lnx64.o/Ubuntu/libgmp.so.10' from LD_PRELOAD cannot be preloaded (cannot open shared object file): ignored.
ERROR: ld.so: object '/tools/Xilinx/Vivado/2024.2/lib/lnx64.o/Ubuntu/libgmp.so.10' from LD_PRELOAD cannot be preloaded (cannot open shared object file): ignored.
ERROR: ld.so: object '/tools/Xilinx/Vivado/2024.2/lib/lnx64.o/Ubuntu/libgmp.so.10' from LD_PRELOAD cannot be preloaded (cannot open shared object file): ignored.
ERROR: ld.so: object '/tools/Xilinx/Vivado/2024.2/lib/lnx64.o/Ubuntu/libgmp.so.10' from LD_PRELOAD cannot be preloaded (cannot open shared object file): ignored.
ERROR: ld.so: object '/tools/Xilinx/Vivado/2024.2/lib/lnx64.o/Ubuntu/libgmp.so.10' from LD_PRELOAD cannot be preloaded (cannot open shared object file): ignored.
ERROR: ld.so: object '/tools/Xilinx/Vivado/2024.2/lib/lnx64.o/Ubuntu/libgmp.so.10' from LD_PRELOAD cannot be preloaded (cannot open shared object file): ignored.
ERROR: ld.so: object '/tools/Xilinx/Vivado/2024.2/lib/lnx64.o/Ubuntu/libgmp.so.10' from LD_PRELOAD cannot be preloaded (cannot open shared object file): ignored.
ERROR: ld.so: object '/tools/Xilinx/Vivado/2024.2/lib/lnx64.o/Ubuntu/libgmp.so.10' from LD_PRELOAD cannot be preloaded (cannot open shared object file): ignored.
ERROR: ld.so: object '/tools/Xilinx/Vivado/2024.2/lib/lnx64.o/Ubuntu/libgmp.so.10' from LD_PRELOAD cannot be preloaded (cannot open shared object file): ignored.
ERROR: ld.so: object '/tools/Xilinx/Vivado/2024.2/lib/lnx64.o/Ubuntu/libgmp.so.10' from LD_PRELOAD cannot be preloaded (cannot open shared object file): ignored.
ERROR: ld.so: object '/tools/Xilinx/Vivado/2024.2/lib/lnx64.o/Ubuntu/libgmp.so.10' from LD_PRELOAD cannot be preloaded (cannot open shared object file): ignored.
ERROR: ld.so: object '/tools/Xilinx/Vivado/2024.2/lib/lnx64.o/Ubuntu/libgmp.so.10' from LD_PRELOAD cannot be preloaded (cannot open shared object file): ignored.
ERROR: ld.so: object '/tools/Xilinx/Vivado/2024.2/lib/lnx64.o/Ubuntu/libgmp.so.10' from LD_PRELOAD cannot be preloaded (cannot open shared object file): ignored.
ERROR: ld.so: object '/tools/Xilinx/Vivado/2024.2/lib/lnx64.o/Ubuntu/libgmp.so.10' from LD_PRELOAD cannot be preloaded (cannot open shared object file): ignored.
ERROR: ld.so: object '/tools/Xilinx/Vivado/2024.2/lib/lnx64.o/Ubuntu/libgmp.so.10' from LD_PRELOAD cannot be preloaded (cannot open shared object file): ignored.
ERROR: ld.so: object '/tools/Xilinx/Vivado/2024.2/lib/lnx64.o/Ubuntu/libgmp.so.10' from LD_PRELOAD cannot be preloaded (cannot open shared object file): ignored.
ERROR: ld.so: object '/tools/Xilinx/Vivado/2024.2/lib/lnx64.o/Ubuntu/libgmp.so.10' from LD_PRELOAD cannot be preloaded (cannot open shared object file): ignored.
ERROR: ld.so: object '/tools/Xilinx/Vivado/2024.2/lib/lnx64.o/Ubuntu/libgmp.so.10' from LD_PRELOAD cannot be preloaded (cannot open shared object file): ignored.
---------------------------------------------------------------------------------
Starting RTL Elaboration : Time (s): cpu = 00:00:08 ; elapsed = 00:00:08 . Memory (MB): peak = 1962.324 ; gain = 419.828 ; free physical = 737 ; free virtual = 9695
---------------------------------------------------------------------------------
WARNING: [Synth 8-10507] attribute 'X_INTERFACE_MODE' is already specified; last one will take precedence [/home/carbon/kambadur/Projects/Vivado/zynq_cdma/zynq_cdma.gen/sources_1/bd/design_1/ip/design_1_axi_smc_0/bd_0/ip/ip_2/synth/bd_afc3_arsw_0.sv:94]
WARNING: [Synth 8-10507] attribute 'X_INTERFACE_MODE' is already specified; last one will take precedence [/home/carbon/kambadur/Projects/Vivado/zynq_cdma/zynq_cdma.gen/sources_1/bd/design_1/ip/design_1_axi_smc_0/bd_0/ip/ip_3/synth/bd_afc3_rsw_0.sv:83]
WARNING: [Synth 8-10507] attribute 'X_INTERFACE_PARAMETER' is already specified; last one will take precedence [/home/carbon/kambadur/Projects/Vivado/zynq_cdma/zynq_cdma.gen/sources_1/bd/design_1/ip/design_1_axi_smc_0/bd_0/ip/ip_3/synth/bd_afc3_rsw_0.sv:84]
WARNING: [Synth 8-10507] attribute 'X_INTERFACE_MODE' is already specified; last one will take precedence [/home/carbon/kambadur/Projects/Vivado/zynq_cdma/zynq_cdma.gen/sources_1/bd/design_1/ip/design_1_axi_smc_0/bd_0/ip/ip_4/synth/bd_afc3_awsw_0.sv:94]
WARNING: [Synth 8-10507] attribute 'X_INTERFACE_MODE' is already specified; last one will take precedence [/home/carbon/kambadur/Projects/Vivado/zynq_cdma/zynq_cdma.gen/sources_1/bd/design_1/ip/design_1_axi_smc_0/bd_0/ip/ip_5/synth/bd_afc3_wsw_0.sv:94]
WARNING: [Synth 8-10507] attribute 'X_INTERFACE_MODE' is already specified; last one will take precedence [/home/carbon/kambadur/Projects/Vivado/zynq_cdma/zynq_cdma.gen/sources_1/bd/design_1/ip/design_1_axi_smc_0/bd_0/ip/ip_6/synth/bd_afc3_bsw_0.sv:83]
WARNING: [Synth 8-10507] attribute 'X_INTERFACE_PARAMETER' is already specified; last one will take precedence [/home/carbon/kambadur/Projects/Vivado/zynq_cdma/zynq_cdma.gen/sources_1/bd/design_1/ip/design_1_axi_smc_0/bd_0/ip/ip_6/synth/bd_afc3_bsw_0.sv:84]
INFO: [Synth 8-6157] synthesizing module 'design_1_axi_smc_0' [/home/carbon/kambadur/Projects/Vivado/zynq_cdma/zynq_cdma.gen/sources_1/bd/design_1/ip/design_1_axi_smc_0/synth/design_1_axi_smc_0.v:53]
INFO: [Synth 8-6157] synthesizing module 'bd_afc3' [/home/carbon/kambadur/Projects/Vivado/zynq_cdma/zynq_cdma.gen/sources_1/bd/design_1/ip/design_1_axi_smc_0/bd_0/synth/bd_afc3.v:10]
INFO: [Synth 8-6157] synthesizing module 'clk_map_imp_5Y9LOC' [/home/carbon/kambadur/Projects/Vivado/zynq_cdma/zynq_cdma.gen/sources_1/bd/design_1/ip/design_1_axi_smc_0/bd_0/synth/bd_afc3.v:1228]
INFO: [Synth 8-6157] synthesizing module 'bd_afc3_one_0' [/home/carbon/kambadur/Projects/Vivado/zynq_cdma/zynq_cdma.gen/sources_1/bd/design_1/ip/design_1_axi_smc_0/bd_0/ip/ip_0/synth/bd_afc3_one_0.v:53]
INFO: [Synth 8-6157] synthesizing module 'xlconstant_v1_1_9_xlconstant' [/home/carbon/kambadur/Projects/Vivado/zynq_cdma/zynq_cdma.gen/sources_1/bd/design_1/ipshared/e2d2/hdl/xlconstant_v1_1_vl_rfs.v:68]
INFO: [Synth 8-6155] done synthesizing module 'xlconstant_v1_1_9_xlconstant' (0#1) [/home/carbon/kambadur/Projects/Vivado/zynq_cdma/zynq_cdma.gen/sources_1/bd/design_1/ipshared/e2d2/hdl/xlconstant_v1_1_vl_rfs.v:68]
INFO: [Synth 8-6155] done synthesizing module 'bd_afc3_one_0' (0#1) [/home/carbon/kambadur/Projects/Vivado/zynq_cdma/zynq_cdma.gen/sources_1/bd/design_1/ip/design_1_axi_smc_0/bd_0/ip/ip_0/synth/bd_afc3_one_0.v:53]
INFO: [Synth 8-638] synthesizing module 'bd_afc3_psr_aclk_0' [/home/carbon/kambadur/Projects/Vivado/zynq_cdma/zynq_cdma.gen/sources_1/bd/design_1/ip/design_1_axi_smc_0/bd_0/ip/ip_1/synth/bd_afc3_psr_aclk_0.vhd:74]
	Parameter C_FAMILY bound to: zynq - type: string 
	Parameter C_EXT_RST_WIDTH bound to: 4 - type: integer 
	Parameter C_AUX_RST_WIDTH bound to: 1 - type: integer 
	Parameter C_EXT_RESET_HIGH bound to: 1'b0 
	Parameter C_AUX_RESET_HIGH bound to: 1'b0 
	Parameter C_NUM_BUS_RST bound to: 1 - type: integer 
	Parameter C_NUM_PERP_RST bound to: 1 - type: integer 
	Parameter C_NUM_INTERCONNECT_ARESETN bound to: 1 - type: integer 
	Parameter C_NUM_PERP_ARESETN bound to: 1 - type: integer 
INFO: [Synth 8-3491] module 'proc_sys_reset' declared at '/home/carbon/kambadur/Projects/Vivado/zynq_cdma/zynq_cdma.gen/sources_1/bd/design_1/ipshared/0831/hdl/proc_sys_reset_v5_0_vh_rfs.vhd:1271' bound to instance 'U0' of component 'proc_sys_reset' [/home/carbon/kambadur/Projects/Vivado/zynq_cdma/zynq_cdma.gen/sources_1/bd/design_1/ip/design_1_axi_smc_0/bd_0/ip/ip_1/synth/bd_afc3_psr_aclk_0.vhd:139]
INFO: [Synth 8-638] synthesizing module 'proc_sys_reset' [/home/carbon/kambadur/Projects/Vivado/zynq_cdma/zynq_cdma.gen/sources_1/bd/design_1/ipshared/0831/hdl/proc_sys_reset_v5_0_vh_rfs.vhd:1330]
	Parameter INIT bound to: 1'b1 
INFO: [Synth 8-113] binding component instance 'FDRE_inst' to cell 'FDRE' [/home/carbon/kambadur/Projects/Vivado/zynq_cdma/zynq_cdma.gen/sources_1/bd/design_1/ipshared/0831/hdl/proc_sys_reset_v5_0_vh_rfs.vhd:1399]
	Parameter INIT bound to: 1'b1 
INFO: [Synth 8-113] binding component instance 'FDRE_BSR' to cell 'FDRE' [/home/carbon/kambadur/Projects/Vivado/zynq_cdma/zynq_cdma.gen/sources_1/bd/design_1/ipshared/0831/hdl/proc_sys_reset_v5_0_vh_rfs.vhd:1415]
	Parameter INIT bound to: 1'b0 
INFO: [Synth 8-113] binding component instance 'FDRE_BSR_N' to cell 'FDRE' [/home/carbon/kambadur/Projects/Vivado/zynq_cdma/zynq_cdma.gen/sources_1/bd/design_1/ipshared/0831/hdl/proc_sys_reset_v5_0_vh_rfs.vhd:1441]
	Parameter INIT bound to: 1'b1 
INFO: [Synth 8-113] binding component instance 'FDRE_PER' to cell 'FDRE' [/home/carbon/kambadur/Projects/Vivado/zynq_cdma/zynq_cdma.gen/sources_1/bd/design_1/ipshared/0831/hdl/proc_sys_reset_v5_0_vh_rfs.vhd:1464]
	Parameter INIT bound to: 1'b0 
INFO: [Synth 8-113] binding component instance 'FDRE_PER_N' to cell 'FDRE' [/home/carbon/kambadur/Projects/Vivado/zynq_cdma/zynq_cdma.gen/sources_1/bd/design_1/ipshared/0831/hdl/proc_sys_reset_v5_0_vh_rfs.vhd:1488]
INFO: [Synth 8-638] synthesizing module 'lpf' [/home/carbon/kambadur/Projects/Vivado/zynq_cdma/zynq_cdma.gen/sources_1/bd/design_1/ipshared/0831/hdl/proc_sys_reset_v5_0_vh_rfs.vhd:821]
INFO: [Synth 8-3491] module 'SRL16' declared at '/tools/Xilinx/Vivado/2024.2/scripts/rt/data/unisim_comp.v:149029' bound to instance 'POR_SRL_I' of component 'SRL16' [/home/carbon/kambadur/Projects/Vivado/zynq_cdma/zynq_cdma.gen/sources_1/bd/design_1/ipshared/0831/hdl/proc_sys_reset_v5_0_vh_rfs.vhd:873]
INFO: [Synth 8-6157] synthesizing module 'SRL16' [/tools/Xilinx/Vivado/2024.2/scripts/rt/data/unisim_comp.v:149029]
INFO: [Synth 8-6155] done synthesizing module 'SRL16' (0#1) [/tools/Xilinx/Vivado/2024.2/scripts/rt/data/unisim_comp.v:149029]
INFO: [Synth 8-638] synthesizing module 'cdc_sync' [/home/carbon/kambadur/Projects/Vivado/zynq_cdma/zynq_cdma.gen/sources_1/bd/design_1/ipshared/2a4f/hdl/lib_cdc_v1_0_rfs.vhd:106]
	Parameter INIT bound to: 1'b0 
INFO: [Synth 8-113] binding component instance 'CROSS_PLEVEL_IN2SCNDRY_IN_cdc_to' to cell 'FDR' [/home/carbon/kambadur/Projects/Vivado/zynq_cdma/zynq_cdma.gen/sources_1/bd/design_1/ipshared/2a4f/hdl/lib_cdc_v1_0_rfs.vhd:514]
	Parameter INIT bound to: 1'b0 
INFO: [Synth 8-113] binding component instance 'CROSS_PLEVEL_IN2SCNDRY_s_level_out_d2' to cell 'FDR' [/home/carbon/kambadur/Projects/Vivado/zynq_cdma/zynq_cdma.gen/sources_1/bd/design_1/ipshared/2a4f/hdl/lib_cdc_v1_0_rfs.vhd:545]
	Parameter INIT bound to: 1'b0 
INFO: [Synth 8-113] binding component instance 'CROSS_PLEVEL_IN2SCNDRY_s_level_out_d3' to cell 'FDR' [/home/carbon/kambadur/Projects/Vivado/zynq_cdma/zynq_cdma.gen/sources_1/bd/design_1/ipshared/2a4f/hdl/lib_cdc_v1_0_rfs.vhd:554]
	Parameter INIT bound to: 1'b0 
INFO: [Synth 8-113] binding component instance 'CROSS_PLEVEL_IN2SCNDRY_s_level_out_d4' to cell 'FDR' [/home/carbon/kambadur/Projects/Vivado/zynq_cdma/zynq_cdma.gen/sources_1/bd/design_1/ipshared/2a4f/hdl/lib_cdc_v1_0_rfs.vhd:564]
	Parameter INIT bound to: 1'b0 
INFO: [Synth 8-113] binding component instance 'CROSS_PLEVEL_IN2SCNDRY_s_level_out_d5' to cell 'FDR' [/home/carbon/kambadur/Projects/Vivado/zynq_cdma/zynq_cdma.gen/sources_1/bd/design_1/ipshared/2a4f/hdl/lib_cdc_v1_0_rfs.vhd:574]
	Parameter INIT bound to: 1'b0 
INFO: [Synth 8-113] binding component instance 'CROSS_PLEVEL_IN2SCNDRY_s_level_out_d6' to cell 'FDR' [/home/carbon/kambadur/Projects/Vivado/zynq_cdma/zynq_cdma.gen/sources_1/bd/design_1/ipshared/2a4f/hdl/lib_cdc_v1_0_rfs.vhd:584]
INFO: [Synth 8-256] done synthesizing module 'cdc_sync' (0#1) [/home/carbon/kambadur/Projects/Vivado/zynq_cdma/zynq_cdma.gen/sources_1/bd/design_1/ipshared/2a4f/hdl/lib_cdc_v1_0_rfs.vhd:106]
INFO: [Synth 8-256] done synthesizing module 'lpf' (0#1) [/home/carbon/kambadur/Projects/Vivado/zynq_cdma/zynq_cdma.gen/sources_1/bd/design_1/ipshared/0831/hdl/proc_sys_reset_v5_0_vh_rfs.vhd:821]
INFO: [Synth 8-638] synthesizing module 'sequence_psr' [/home/carbon/kambadur/Projects/Vivado/zynq_cdma/zynq_cdma.gen/sources_1/bd/design_1/ipshared/0831/hdl/proc_sys_reset_v5_0_vh_rfs.vhd:304]
INFO: [Synth 8-638] synthesizing module 'upcnt_n' [/home/carbon/kambadur/Projects/Vivado/zynq_cdma/zynq_cdma.gen/sources_1/bd/design_1/ipshared/0831/hdl/proc_sys_reset_v5_0_vh_rfs.vhd:126]
INFO: [Synth 8-256] done synthesizing module 'upcnt_n' (0#1) [/home/carbon/kambadur/Projects/Vivado/zynq_cdma/zynq_cdma.gen/sources_1/bd/design_1/ipshared/0831/hdl/proc_sys_reset_v5_0_vh_rfs.vhd:126]
INFO: [Synth 8-256] done synthesizing module 'sequence_psr' (0#1) [/home/carbon/kambadur/Projects/Vivado/zynq_cdma/zynq_cdma.gen/sources_1/bd/design_1/ipshared/0831/hdl/proc_sys_reset_v5_0_vh_rfs.vhd:304]
INFO: [Synth 8-256] done synthesizing module 'proc_sys_reset' (0#1) [/home/carbon/kambadur/Projects/Vivado/zynq_cdma/zynq_cdma.gen/sources_1/bd/design_1/ipshared/0831/hdl/proc_sys_reset_v5_0_vh_rfs.vhd:1330]
INFO: [Synth 8-256] done synthesizing module 'bd_afc3_psr_aclk_0' (0#1) [/home/carbon/kambadur/Projects/Vivado/zynq_cdma/zynq_cdma.gen/sources_1/bd/design_1/ip/design_1_axi_smc_0/bd_0/ip/ip_1/synth/bd_afc3_psr_aclk_0.vhd:74]
WARNING: [Synth 8-7071] port 'mb_reset' of module 'bd_afc3_psr_aclk_0' is unconnected for instance 'psr_aclk' [/home/carbon/kambadur/Projects/Vivado/zynq_cdma/zynq_cdma.gen/sources_1/bd/design_1/ip/design_1_axi_smc_0/bd_0/synth/bd_afc3.v:1266]
WARNING: [Synth 8-7071] port 'bus_struct_reset' of module 'bd_afc3_psr_aclk_0' is unconnected for instance 'psr_aclk' [/home/carbon/kambadur/Projects/Vivado/zynq_cdma/zynq_cdma.gen/sources_1/bd/design_1/ip/design_1_axi_smc_0/bd_0/synth/bd_afc3.v:1266]
WARNING: [Synth 8-7071] port 'peripheral_reset' of module 'bd_afc3_psr_aclk_0' is unconnected for instance 'psr_aclk' [/home/carbon/kambadur/Projects/Vivado/zynq_cdma/zynq_cdma.gen/sources_1/bd/design_1/ip/design_1_axi_smc_0/bd_0/synth/bd_afc3.v:1266]
WARNING: [Synth 8-7071] port 'peripheral_aresetn' of module 'bd_afc3_psr_aclk_0' is unconnected for instance 'psr_aclk' [/home/carbon/kambadur/Projects/Vivado/zynq_cdma/zynq_cdma.gen/sources_1/bd/design_1/ip/design_1_axi_smc_0/bd_0/synth/bd_afc3.v:1266]
WARNING: [Synth 8-7023] instance 'psr_aclk' of module 'bd_afc3_psr_aclk_0' has 10 connections declared, but only 6 given [/home/carbon/kambadur/Projects/Vivado/zynq_cdma/zynq_cdma.gen/sources_1/bd/design_1/ip/design_1_axi_smc_0/bd_0/synth/bd_afc3.v:1266]
INFO: [Synth 8-6155] done synthesizing module 'clk_map_imp_5Y9LOC' (0#1) [/home/carbon/kambadur/Projects/Vivado/zynq_cdma/zynq_cdma.gen/sources_1/bd/design_1/ip/design_1_axi_smc_0/bd_0/synth/bd_afc3.v:1228]
INFO: [Synth 8-6157] synthesizing module 'm00_exit_pipeline_imp_1TZX5BB' [/home/carbon/kambadur/Projects/Vivado/zynq_cdma/zynq_cdma.gen/sources_1/bd/design_1/ip/design_1_axi_smc_0/bd_0/synth/bd_afc3.v:1275]
INFO: [Synth 8-6157] synthesizing module 'bd_afc3_m00e_0' [/home/carbon/kambadur/Projects/Vivado/zynq_cdma/zynq_cdma.gen/sources_1/bd/design_1/ip/design_1_axi_smc_0/bd_0/ip/ip_22/synth/bd_afc3_m00e_0.sv:53]
INFO: [Synth 8-6157] synthesizing module 'xpm_cdc_async_rst' [/tools/Xilinx/Vivado/2024.2/data/ip/xpm/xpm_cdc/hdl/xpm_cdc.sv:1175]
INFO: [Synth 8-6155] done synthesizing module 'xpm_cdc_async_rst' (0#1) [/tools/Xilinx/Vivado/2024.2/data/ip/xpm/xpm_cdc/hdl/xpm_cdc.sv:1175]
INFO: [Synth 8-6155] done synthesizing module 'bd_afc3_m00e_0' (0#1) [/home/carbon/kambadur/Projects/Vivado/zynq_cdma/zynq_cdma.gen/sources_1/bd/design_1/ip/design_1_axi_smc_0/bd_0/ip/ip_22/synth/bd_afc3_m00e_0.sv:53]
INFO: [Synth 8-6155] done synthesizing module 'm00_exit_pipeline_imp_1TZX5BB' (0#1) [/home/carbon/kambadur/Projects/Vivado/zynq_cdma/zynq_cdma.gen/sources_1/bd/design_1/ip/design_1_axi_smc_0/bd_0/synth/bd_afc3.v:1275]
INFO: [Synth 8-6157] synthesizing module 'm00_nodes_imp_1GOYQYZ' [/home/carbon/kambadur/Projects/Vivado/zynq_cdma/zynq_cdma.gen/sources_1/bd/design_1/ip/design_1_axi_smc_0/bd_0/synth/bd_afc3.v:1517]
INFO: [Synth 8-6157] synthesizing module 'bd_afc3_m00arn_0' [/home/carbon/kambadur/Projects/Vivado/zynq_cdma/zynq_cdma.gen/sources_1/bd/design_1/ip/design_1_axi_smc_0/bd_0/ip/ip_17/synth/bd_afc3_m00arn_0.sv:53]
INFO: [Synth 8-6157] synthesizing module 'xpm_memory_sdpram' [/tools/Xilinx/Vivado/2024.2/data/ip/xpm/xpm_memory/hdl/xpm_memory.sv:8556]
INFO: [Synth 8-6157] synthesizing module 'xpm_memory_base' [/tools/Xilinx/Vivado/2024.2/data/ip/xpm/xpm_memory/hdl/xpm_memory.sv:54]
INFO: [Synth 8-6155] done synthesizing module 'xpm_memory_base' (0#1) [/tools/Xilinx/Vivado/2024.2/data/ip/xpm/xpm_memory/hdl/xpm_memory.sv:54]
INFO: [Synth 8-6155] done synthesizing module 'xpm_memory_sdpram' (0#1) [/tools/Xilinx/Vivado/2024.2/data/ip/xpm/xpm_memory/hdl/xpm_memory.sv:8556]
INFO: [Synth 8-6157] synthesizing module 'xpm_memory_sdpram__parameterized0' [/tools/Xilinx/Vivado/2024.2/data/ip/xpm/xpm_memory/hdl/xpm_memory.sv:8556]
INFO: [Synth 8-6157] synthesizing module 'xpm_memory_base__parameterized0' [/tools/Xilinx/Vivado/2024.2/data/ip/xpm/xpm_memory/hdl/xpm_memory.sv:54]
INFO: [Synth 8-6155] done synthesizing module 'xpm_memory_base__parameterized0' (0#1) [/tools/Xilinx/Vivado/2024.2/data/ip/xpm/xpm_memory/hdl/xpm_memory.sv:54]
INFO: [Synth 8-6155] done synthesizing module 'xpm_memory_sdpram__parameterized0' (0#1) [/tools/Xilinx/Vivado/2024.2/data/ip/xpm/xpm_memory/hdl/xpm_memory.sv:8556]
INFO: [Synth 8-6155] done synthesizing module 'bd_afc3_m00arn_0' (0#1) [/home/carbon/kambadur/Projects/Vivado/zynq_cdma/zynq_cdma.gen/sources_1/bd/design_1/ip/design_1_axi_smc_0/bd_0/ip/ip_17/synth/bd_afc3_m00arn_0.sv:53]
INFO: [Synth 8-6157] synthesizing module 'bd_afc3_m00awn_0' [/home/carbon/kambadur/Projects/Vivado/zynq_cdma/zynq_cdma.gen/sources_1/bd/design_1/ip/design_1_axi_smc_0/bd_0/ip/ip_19/synth/bd_afc3_m00awn_0.sv:53]
INFO: [Synth 8-6155] done synthesizing module 'bd_afc3_m00awn_0' (0#1) [/home/carbon/kambadur/Projects/Vivado/zynq_cdma/zynq_cdma.gen/sources_1/bd/design_1/ip/design_1_axi_smc_0/bd_0/ip/ip_19/synth/bd_afc3_m00awn_0.sv:53]
INFO: [Synth 8-6157] synthesizing module 'bd_afc3_m00bn_0' [/home/carbon/kambadur/Projects/Vivado/zynq_cdma/zynq_cdma.gen/sources_1/bd/design_1/ip/design_1_axi_smc_0/bd_0/ip/ip_21/synth/bd_afc3_m00bn_0.sv:53]
INFO: [Synth 8-6157] synthesizing module 'xpm_memory_sdpram__parameterized1' [/tools/Xilinx/Vivado/2024.2/data/ip/xpm/xpm_memory/hdl/xpm_memory.sv:8556]
INFO: [Synth 8-6157] synthesizing module 'xpm_memory_base__parameterized1' [/tools/Xilinx/Vivado/2024.2/data/ip/xpm/xpm_memory/hdl/xpm_memory.sv:54]
INFO: [Synth 8-6155] done synthesizing module 'xpm_memory_base__parameterized1' (0#1) [/tools/Xilinx/Vivado/2024.2/data/ip/xpm/xpm_memory/hdl/xpm_memory.sv:54]
INFO: [Synth 8-6155] done synthesizing module 'xpm_memory_sdpram__parameterized1' (0#1) [/tools/Xilinx/Vivado/2024.2/data/ip/xpm/xpm_memory/hdl/xpm_memory.sv:8556]
INFO: [Synth 8-6157] synthesizing module 'xpm_memory_sdpram__parameterized2' [/tools/Xilinx/Vivado/2024.2/data/ip/xpm/xpm_memory/hdl/xpm_memory.sv:8556]
INFO: [Synth 8-6157] synthesizing module 'xpm_memory_base__parameterized2' [/tools/Xilinx/Vivado/2024.2/data/ip/xpm/xpm_memory/hdl/xpm_memory.sv:54]
INFO: [Synth 8-6155] done synthesizing module 'xpm_memory_base__parameterized2' (0#1) [/tools/Xilinx/Vivado/2024.2/data/ip/xpm/xpm_memory/hdl/xpm_memory.sv:54]
INFO: [Synth 8-6155] done synthesizing module 'xpm_memory_sdpram__parameterized2' (0#1) [/tools/Xilinx/Vivado/2024.2/data/ip/xpm/xpm_memory/hdl/xpm_memory.sv:8556]
INFO: [Synth 8-6155] done synthesizing module 'bd_afc3_m00bn_0' (0#1) [/home/carbon/kambadur/Projects/Vivado/zynq_cdma/zynq_cdma.gen/sources_1/bd/design_1/ip/design_1_axi_smc_0/bd_0/ip/ip_21/synth/bd_afc3_m00bn_0.sv:53]
INFO: [Synth 8-6157] synthesizing module 'bd_afc3_m00rn_0' [/home/carbon/kambadur/Projects/Vivado/zynq_cdma/zynq_cdma.gen/sources_1/bd/design_1/ip/design_1_axi_smc_0/bd_0/ip/ip_18/synth/bd_afc3_m00rn_0.sv:53]
INFO: [Synth 8-6157] synthesizing module 'xpm_memory_sdpram__parameterized3' [/tools/Xilinx/Vivado/2024.2/data/ip/xpm/xpm_memory/hdl/xpm_memory.sv:8556]
INFO: [Synth 8-6157] synthesizing module 'xpm_memory_base__parameterized3' [/tools/Xilinx/Vivado/2024.2/data/ip/xpm/xpm_memory/hdl/xpm_memory.sv:54]
INFO: [Synth 8-6155] done synthesizing module 'xpm_memory_base__parameterized3' (0#1) [/tools/Xilinx/Vivado/2024.2/data/ip/xpm/xpm_memory/hdl/xpm_memory.sv:54]
INFO: [Synth 8-6155] done synthesizing module 'xpm_memory_sdpram__parameterized3' (0#1) [/tools/Xilinx/Vivado/2024.2/data/ip/xpm/xpm_memory/hdl/xpm_memory.sv:8556]
INFO: [Synth 8-6155] done synthesizing module 'bd_afc3_m00rn_0' (0#1) [/home/carbon/kambadur/Projects/Vivado/zynq_cdma/zynq_cdma.gen/sources_1/bd/design_1/ip/design_1_axi_smc_0/bd_0/ip/ip_18/synth/bd_afc3_m00rn_0.sv:53]
INFO: [Synth 8-6157] synthesizing module 'bd_afc3_m00wn_0' [/home/carbon/kambadur/Projects/Vivado/zynq_cdma/zynq_cdma.gen/sources_1/bd/design_1/ip/design_1_axi_smc_0/bd_0/ip/ip_20/synth/bd_afc3_m00wn_0.sv:53]
INFO: [Synth 8-6157] synthesizing module 'xpm_memory_sdpram__parameterized4' [/tools/Xilinx/Vivado/2024.2/data/ip/xpm/xpm_memory/hdl/xpm_memory.sv:8556]
INFO: [Synth 8-6157] synthesizing module 'xpm_memory_base__parameterized4' [/tools/Xilinx/Vivado/2024.2/data/ip/xpm/xpm_memory/hdl/xpm_memory.sv:54]
INFO: [Synth 8-6155] done synthesizing module 'xpm_memory_base__parameterized4' (0#1) [/tools/Xilinx/Vivado/2024.2/data/ip/xpm/xpm_memory/hdl/xpm_memory.sv:54]
INFO: [Synth 8-6155] done synthesizing module 'xpm_memory_sdpram__parameterized4' (0#1) [/tools/Xilinx/Vivado/2024.2/data/ip/xpm/xpm_memory/hdl/xpm_memory.sv:8556]
INFO: [Synth 8-6155] done synthesizing module 'bd_afc3_m00wn_0' (0#1) [/home/carbon/kambadur/Projects/Vivado/zynq_cdma/zynq_cdma.gen/sources_1/bd/design_1/ip/design_1_axi_smc_0/bd_0/ip/ip_20/synth/bd_afc3_m00wn_0.sv:53]
INFO: [Synth 8-6155] done synthesizing module 'm00_nodes_imp_1GOYQYZ' (0#1) [/home/carbon/kambadur/Projects/Vivado/zynq_cdma/zynq_cdma.gen/sources_1/bd/design_1/ip/design_1_axi_smc_0/bd_0/synth/bd_afc3.v:1517]
INFO: [Synth 8-6157] synthesizing module 'bd_afc3_m00s2a_0' [/home/carbon/kambadur/Projects/Vivado/zynq_cdma/zynq_cdma.gen/sources_1/bd/design_1/ip/design_1_axi_smc_0/bd_0/ip/ip_16/synth/bd_afc3_m00s2a_0.sv:53]
INFO: [Synth 8-6155] done synthesizing module 'bd_afc3_m00s2a_0' (0#1) [/home/carbon/kambadur/Projects/Vivado/zynq_cdma/zynq_cdma.gen/sources_1/bd/design_1/ip/design_1_axi_smc_0/bd_0/ip/ip_16/synth/bd_afc3_m00s2a_0.sv:53]
INFO: [Synth 8-6157] synthesizing module 'm01_exit_pipeline_imp_1XMPFJB' [/home/carbon/kambadur/Projects/Vivado/zynq_cdma/zynq_cdma.gen/sources_1/bd/design_1/ip/design_1_axi_smc_0/bd_0/synth/bd_afc3.v:1759]
INFO: [Synth 8-6157] synthesizing module 'bd_afc3_m01e_0' [/home/carbon/kambadur/Projects/Vivado/zynq_cdma/zynq_cdma.gen/sources_1/bd/design_1/ip/design_1_axi_smc_0/bd_0/ip/ip_29/synth/bd_afc3_m01e_0.sv:53]
INFO: [Synth 8-6155] done synthesizing module 'bd_afc3_m01e_0' (0#1) [/home/carbon/kambadur/Projects/Vivado/zynq_cdma/zynq_cdma.gen/sources_1/bd/design_1/ip/design_1_axi_smc_0/bd_0/ip/ip_29/synth/bd_afc3_m01e_0.sv:53]
INFO: [Synth 8-6155] done synthesizing module 'm01_exit_pipeline_imp_1XMPFJB' (0#1) [/home/carbon/kambadur/Projects/Vivado/zynq_cdma/zynq_cdma.gen/sources_1/bd/design_1/ip/design_1_axi_smc_0/bd_0/synth/bd_afc3.v:1759]
INFO: [Synth 8-6157] synthesizing module 'm01_nodes_imp_94N5OD' [/home/carbon/kambadur/Projects/Vivado/zynq_cdma/zynq_cdma.gen/sources_1/bd/design_1/ip/design_1_axi_smc_0/bd_0/synth/bd_afc3.v:2057]
INFO: [Synth 8-6157] synthesizing module 'bd_afc3_m01arn_0' [/home/carbon/kambadur/Projects/Vivado/zynq_cdma/zynq_cdma.gen/sources_1/bd/design_1/ip/design_1_axi_smc_0/bd_0/ip/ip_24/synth/bd_afc3_m01arn_0.sv:53]
INFO: [Synth 8-6155] done synthesizing module 'bd_afc3_m01arn_0' (0#1) [/home/carbon/kambadur/Projects/Vivado/zynq_cdma/zynq_cdma.gen/sources_1/bd/design_1/ip/design_1_axi_smc_0/bd_0/ip/ip_24/synth/bd_afc3_m01arn_0.sv:53]
INFO: [Synth 8-6157] synthesizing module 'bd_afc3_m01awn_0' [/home/carbon/kambadur/Projects/Vivado/zynq_cdma/zynq_cdma.gen/sources_1/bd/design_1/ip/design_1_axi_smc_0/bd_0/ip/ip_26/synth/bd_afc3_m01awn_0.sv:53]
INFO: [Synth 8-6155] done synthesizing module 'bd_afc3_m01awn_0' (0#1) [/home/carbon/kambadur/Projects/Vivado/zynq_cdma/zynq_cdma.gen/sources_1/bd/design_1/ip/design_1_axi_smc_0/bd_0/ip/ip_26/synth/bd_afc3_m01awn_0.sv:53]
INFO: [Synth 8-6157] synthesizing module 'bd_afc3_m01bn_0' [/home/carbon/kambadur/Projects/Vivado/zynq_cdma/zynq_cdma.gen/sources_1/bd/design_1/ip/design_1_axi_smc_0/bd_0/ip/ip_28/synth/bd_afc3_m01bn_0.sv:53]
INFO: [Synth 8-6155] done synthesizing module 'bd_afc3_m01bn_0' (0#1) [/home/carbon/kambadur/Projects/Vivado/zynq_cdma/zynq_cdma.gen/sources_1/bd/design_1/ip/design_1_axi_smc_0/bd_0/ip/ip_28/synth/bd_afc3_m01bn_0.sv:53]
INFO: [Synth 8-6157] synthesizing module 'bd_afc3_m01rn_0' [/home/carbon/kambadur/Projects/Vivado/zynq_cdma/zynq_cdma.gen/sources_1/bd/design_1/ip/design_1_axi_smc_0/bd_0/ip/ip_25/synth/bd_afc3_m01rn_0.sv:53]
INFO: [Synth 8-6155] done synthesizing module 'bd_afc3_m01rn_0' (0#1) [/home/carbon/kambadur/Projects/Vivado/zynq_cdma/zynq_cdma.gen/sources_1/bd/design_1/ip/design_1_axi_smc_0/bd_0/ip/ip_25/synth/bd_afc3_m01rn_0.sv:53]
INFO: [Synth 8-6157] synthesizing module 'bd_afc3_m01wn_0' [/home/carbon/kambadur/Projects/Vivado/zynq_cdma/zynq_cdma.gen/sources_1/bd/design_1/ip/design_1_axi_smc_0/bd_0/ip/ip_27/synth/bd_afc3_m01wn_0.sv:53]
INFO: [Synth 8-6155] done synthesizing module 'bd_afc3_m01wn_0' (0#1) [/home/carbon/kambadur/Projects/Vivado/zynq_cdma/zynq_cdma.gen/sources_1/bd/design_1/ip/design_1_axi_smc_0/bd_0/ip/ip_27/synth/bd_afc3_m01wn_0.sv:53]
INFO: [Synth 8-6155] done synthesizing module 'm01_nodes_imp_94N5OD' (0#1) [/home/carbon/kambadur/Projects/Vivado/zynq_cdma/zynq_cdma.gen/sources_1/bd/design_1/ip/design_1_axi_smc_0/bd_0/synth/bd_afc3.v:2057]
INFO: [Synth 8-6157] synthesizing module 'bd_afc3_m01s2a_0' [/home/carbon/kambadur/Projects/Vivado/zynq_cdma/zynq_cdma.gen/sources_1/bd/design_1/ip/design_1_axi_smc_0/bd_0/ip/ip_23/synth/bd_afc3_m01s2a_0.sv:53]
INFO: [Synth 8-6155] done synthesizing module 'bd_afc3_m01s2a_0' (0#1) [/home/carbon/kambadur/Projects/Vivado/zynq_cdma/zynq_cdma.gen/sources_1/bd/design_1/ip/design_1_axi_smc_0/bd_0/ip/ip_23/synth/bd_afc3_m01s2a_0.sv:53]
INFO: [Synth 8-6157] synthesizing module 'bd_afc3_s00a2s_0' [/home/carbon/kambadur/Projects/Vivado/zynq_cdma/zynq_cdma.gen/sources_1/bd/design_1/ip/design_1_axi_smc_0/bd_0/ip/ip_10/synth/bd_afc3_s00a2s_0.sv:53]
INFO: [Synth 8-6155] done synthesizing module 'bd_afc3_s00a2s_0' (0#1) [/home/carbon/kambadur/Projects/Vivado/zynq_cdma/zynq_cdma.gen/sources_1/bd/design_1/ip/design_1_axi_smc_0/bd_0/ip/ip_10/synth/bd_afc3_s00a2s_0.sv:53]
INFO: [Synth 8-6157] synthesizing module 's00_entry_pipeline_imp_USCCV8' [/home/carbon/kambadur/Projects/Vivado/zynq_cdma/zynq_cdma.gen/sources_1/bd/design_1/ip/design_1_axi_smc_0/bd_0/synth/bd_afc3.v:2299]
INFO: [Synth 8-6157] synthesizing module 'bd_afc3_s00mmu_0' [/home/carbon/kambadur/Projects/Vivado/zynq_cdma/zynq_cdma.gen/sources_1/bd/design_1/ip/design_1_axi_smc_0/bd_0/ip/ip_7/synth/bd_afc3_s00mmu_0.sv:53]
INFO: [Synth 8-6155] done synthesizing module 'bd_afc3_s00mmu_0' (0#1) [/home/carbon/kambadur/Projects/Vivado/zynq_cdma/zynq_cdma.gen/sources_1/bd/design_1/ip/design_1_axi_smc_0/bd_0/ip/ip_7/synth/bd_afc3_s00mmu_0.sv:53]
INFO: [Synth 8-6157] synthesizing module 'bd_afc3_s00sic_0' [/home/carbon/kambadur/Projects/Vivado/zynq_cdma/zynq_cdma.gen/sources_1/bd/design_1/ip/design_1_axi_smc_0/bd_0/ip/ip_9/synth/bd_afc3_s00sic_0.sv:53]
INFO: [Synth 8-6155] done synthesizing module 'bd_afc3_s00sic_0' (0#1) [/home/carbon/kambadur/Projects/Vivado/zynq_cdma/zynq_cdma.gen/sources_1/bd/design_1/ip/design_1_axi_smc_0/bd_0/ip/ip_9/synth/bd_afc3_s00sic_0.sv:53]
INFO: [Synth 8-6157] synthesizing module 'bd_afc3_s00tr_0' [/home/carbon/kambadur/Projects/Vivado/zynq_cdma/zynq_cdma.gen/sources_1/bd/design_1/ip/design_1_axi_smc_0/bd_0/ip/ip_8/synth/bd_afc3_s00tr_0.sv:53]
INFO: [Synth 8-6155] done synthesizing module 'bd_afc3_s00tr_0' (0#1) [/home/carbon/kambadur/Projects/Vivado/zynq_cdma/zynq_cdma.gen/sources_1/bd/design_1/ip/design_1_axi_smc_0/bd_0/ip/ip_8/synth/bd_afc3_s00tr_0.sv:53]
INFO: [Synth 8-6155] done synthesizing module 's00_entry_pipeline_imp_USCCV8' (0#1) [/home/carbon/kambadur/Projects/Vivado/zynq_cdma/zynq_cdma.gen/sources_1/bd/design_1/ip/design_1_axi_smc_0/bd_0/synth/bd_afc3.v:2299]
INFO: [Synth 8-6157] synthesizing module 's00_nodes_imp_Y7M43I' [/home/carbon/kambadur/Projects/Vivado/zynq_cdma/zynq_cdma.gen/sources_1/bd/design_1/ip/design_1_axi_smc_0/bd_0/synth/bd_afc3.v:2875]
INFO: [Synth 8-6157] synthesizing module 'bd_afc3_sarn_0' [/home/carbon/kambadur/Projects/Vivado/zynq_cdma/zynq_cdma.gen/sources_1/bd/design_1/ip/design_1_axi_smc_0/bd_0/ip/ip_11/synth/bd_afc3_sarn_0.sv:53]
INFO: [Synth 8-6157] synthesizing module 'xpm_memory_sdpram__parameterized5' [/tools/Xilinx/Vivado/2024.2/data/ip/xpm/xpm_memory/hdl/xpm_memory.sv:8556]
INFO: [Synth 8-6157] synthesizing module 'xpm_memory_base__parameterized5' [/tools/Xilinx/Vivado/2024.2/data/ip/xpm/xpm_memory/hdl/xpm_memory.sv:54]
INFO: [Synth 8-6155] done synthesizing module 'xpm_memory_base__parameterized5' (0#1) [/tools/Xilinx/Vivado/2024.2/data/ip/xpm/xpm_memory/hdl/xpm_memory.sv:54]
INFO: [Synth 8-6155] done synthesizing module 'xpm_memory_sdpram__parameterized5' (0#1) [/tools/Xilinx/Vivado/2024.2/data/ip/xpm/xpm_memory/hdl/xpm_memory.sv:8556]
INFO: [Synth 8-6157] synthesizing module 'xpm_memory_sdpram__parameterized6' [/tools/Xilinx/Vivado/2024.2/data/ip/xpm/xpm_memory/hdl/xpm_memory.sv:8556]
INFO: [Synth 8-6157] synthesizing module 'xpm_memory_base__parameterized6' [/tools/Xilinx/Vivado/2024.2/data/ip/xpm/xpm_memory/hdl/xpm_memory.sv:54]
INFO: [Synth 8-6155] done synthesizing module 'xpm_memory_base__parameterized6' (0#1) [/tools/Xilinx/Vivado/2024.2/data/ip/xpm/xpm_memory/hdl/xpm_memory.sv:54]
INFO: [Synth 8-6155] done synthesizing module 'xpm_memory_sdpram__parameterized6' (0#1) [/tools/Xilinx/Vivado/2024.2/data/ip/xpm/xpm_memory/hdl/xpm_memory.sv:8556]
INFO: [Synth 8-6155] done synthesizing module 'bd_afc3_sarn_0' (0#1) [/home/carbon/kambadur/Projects/Vivado/zynq_cdma/zynq_cdma.gen/sources_1/bd/design_1/ip/design_1_axi_smc_0/bd_0/ip/ip_11/synth/bd_afc3_sarn_0.sv:53]
INFO: [Synth 8-6157] synthesizing module 'bd_afc3_sawn_0' [/home/carbon/kambadur/Projects/Vivado/zynq_cdma/zynq_cdma.gen/sources_1/bd/design_1/ip/design_1_axi_smc_0/bd_0/ip/ip_13/synth/bd_afc3_sawn_0.sv:53]
INFO: [Synth 8-6155] done synthesizing module 'bd_afc3_sawn_0' (0#1) [/home/carbon/kambadur/Projects/Vivado/zynq_cdma/zynq_cdma.gen/sources_1/bd/design_1/ip/design_1_axi_smc_0/bd_0/ip/ip_13/synth/bd_afc3_sawn_0.sv:53]
INFO: [Synth 8-6157] synthesizing module 'bd_afc3_sbn_0' [/home/carbon/kambadur/Projects/Vivado/zynq_cdma/zynq_cdma.gen/sources_1/bd/design_1/ip/design_1_axi_smc_0/bd_0/ip/ip_15/synth/bd_afc3_sbn_0.sv:53]
INFO: [Synth 8-6157] synthesizing module 'xpm_memory_sdpram__parameterized7' [/tools/Xilinx/Vivado/2024.2/data/ip/xpm/xpm_memory/hdl/xpm_memory.sv:8556]
INFO: [Synth 8-6157] synthesizing module 'xpm_memory_base__parameterized7' [/tools/Xilinx/Vivado/2024.2/data/ip/xpm/xpm_memory/hdl/xpm_memory.sv:54]
INFO: [Synth 8-6155] done synthesizing module 'xpm_memory_base__parameterized7' (0#1) [/tools/Xilinx/Vivado/2024.2/data/ip/xpm/xpm_memory/hdl/xpm_memory.sv:54]
INFO: [Synth 8-6155] done synthesizing module 'xpm_memory_sdpram__parameterized7' (0#1) [/tools/Xilinx/Vivado/2024.2/data/ip/xpm/xpm_memory/hdl/xpm_memory.sv:8556]
INFO: [Synth 8-6155] done synthesizing module 'bd_afc3_sbn_0' (0#1) [/home/carbon/kambadur/Projects/Vivado/zynq_cdma/zynq_cdma.gen/sources_1/bd/design_1/ip/design_1_axi_smc_0/bd_0/ip/ip_15/synth/bd_afc3_sbn_0.sv:53]
INFO: [Synth 8-6157] synthesizing module 'bd_afc3_srn_0' [/home/carbon/kambadur/Projects/Vivado/zynq_cdma/zynq_cdma.gen/sources_1/bd/design_1/ip/design_1_axi_smc_0/bd_0/ip/ip_12/synth/bd_afc3_srn_0.sv:53]
INFO: [Synth 8-6155] done synthesizing module 'bd_afc3_srn_0' (0#1) [/home/carbon/kambadur/Projects/Vivado/zynq_cdma/zynq_cdma.gen/sources_1/bd/design_1/ip/design_1_axi_smc_0/bd_0/ip/ip_12/synth/bd_afc3_srn_0.sv:53]
INFO: [Synth 8-6157] synthesizing module 'bd_afc3_swn_0' [/home/carbon/kambadur/Projects/Vivado/zynq_cdma/zynq_cdma.gen/sources_1/bd/design_1/ip/design_1_axi_smc_0/bd_0/ip/ip_14/synth/bd_afc3_swn_0.sv:53]
INFO: [Synth 8-6155] done synthesizing module 'bd_afc3_swn_0' (0#1) [/home/carbon/kambadur/Projects/Vivado/zynq_cdma/zynq_cdma.gen/sources_1/bd/design_1/ip/design_1_axi_smc_0/bd_0/ip/ip_14/synth/bd_afc3_swn_0.sv:53]
INFO: [Synth 8-6155] done synthesizing module 's00_nodes_imp_Y7M43I' (0#1) [/home/carbon/kambadur/Projects/Vivado/zynq_cdma/zynq_cdma.gen/sources_1/bd/design_1/ip/design_1_axi_smc_0/bd_0/synth/bd_afc3.v:2875]
INFO: [Synth 8-6157] synthesizing module 'switchboards_imp_4N4PBE' [/home/carbon/kambadur/Projects/Vivado/zynq_cdma/zynq_cdma.gen/sources_1/bd/design_1/ip/design_1_axi_smc_0/bd_0/synth/bd_afc3.v:3117]
INFO: [Synth 8-6157] synthesizing module 'bd_afc3_arsw_0' [/home/carbon/kambadur/Projects/Vivado/zynq_cdma/zynq_cdma.gen/sources_1/bd/design_1/ip/design_1_axi_smc_0/bd_0/ip/ip_2/synth/bd_afc3_arsw_0.sv:53]
INFO: [Synth 8-6155] done synthesizing module 'bd_afc3_arsw_0' (0#1) [/home/carbon/kambadur/Projects/Vivado/zynq_cdma/zynq_cdma.gen/sources_1/bd/design_1/ip/design_1_axi_smc_0/bd_0/ip/ip_2/synth/bd_afc3_arsw_0.sv:53]
INFO: [Synth 8-6157] synthesizing module 'bd_afc3_awsw_0' [/home/carbon/kambadur/Projects/Vivado/zynq_cdma/zynq_cdma.gen/sources_1/bd/design_1/ip/design_1_axi_smc_0/bd_0/ip/ip_4/synth/bd_afc3_awsw_0.sv:53]
INFO: [Synth 8-6155] done synthesizing module 'bd_afc3_awsw_0' (0#1) [/home/carbon/kambadur/Projects/Vivado/zynq_cdma/zynq_cdma.gen/sources_1/bd/design_1/ip/design_1_axi_smc_0/bd_0/ip/ip_4/synth/bd_afc3_awsw_0.sv:53]
INFO: [Synth 8-6157] synthesizing module 'bd_afc3_bsw_0' [/home/carbon/kambadur/Projects/Vivado/zynq_cdma/zynq_cdma.gen/sources_1/bd/design_1/ip/design_1_axi_smc_0/bd_0/ip/ip_6/synth/bd_afc3_bsw_0.sv:53]
INFO: [Synth 8-6155] done synthesizing module 'bd_afc3_bsw_0' (0#1) [/home/carbon/kambadur/Projects/Vivado/zynq_cdma/zynq_cdma.gen/sources_1/bd/design_1/ip/design_1_axi_smc_0/bd_0/ip/ip_6/synth/bd_afc3_bsw_0.sv:53]
INFO: [Synth 8-6157] synthesizing module 'bd_afc3_rsw_0' [/home/carbon/kambadur/Projects/Vivado/zynq_cdma/zynq_cdma.gen/sources_1/bd/design_1/ip/design_1_axi_smc_0/bd_0/ip/ip_3/synth/bd_afc3_rsw_0.sv:53]
INFO: [Synth 8-6155] done synthesizing module 'bd_afc3_rsw_0' (0#1) [/home/carbon/kambadur/Projects/Vivado/zynq_cdma/zynq_cdma.gen/sources_1/bd/design_1/ip/design_1_axi_smc_0/bd_0/ip/ip_3/synth/bd_afc3_rsw_0.sv:53]
INFO: [Synth 8-6157] synthesizing module 'bd_afc3_wsw_0' [/home/carbon/kambadur/Projects/Vivado/zynq_cdma/zynq_cdma.gen/sources_1/bd/design_1/ip/design_1_axi_smc_0/bd_0/ip/ip_5/synth/bd_afc3_wsw_0.sv:53]
INFO: [Synth 8-6155] done synthesizing module 'bd_afc3_wsw_0' (0#1) [/home/carbon/kambadur/Projects/Vivado/zynq_cdma/zynq_cdma.gen/sources_1/bd/design_1/ip/design_1_axi_smc_0/bd_0/ip/ip_5/synth/bd_afc3_wsw_0.sv:53]
INFO: [Synth 8-6155] done synthesizing module 'switchboards_imp_4N4PBE' (0#1) [/home/carbon/kambadur/Projects/Vivado/zynq_cdma/zynq_cdma.gen/sources_1/bd/design_1/ip/design_1_axi_smc_0/bd_0/synth/bd_afc3.v:3117]
INFO: [Synth 8-6155] done synthesizing module 'bd_afc3' (0#1) [/home/carbon/kambadur/Projects/Vivado/zynq_cdma/zynq_cdma.gen/sources_1/bd/design_1/ip/design_1_axi_smc_0/bd_0/synth/bd_afc3.v:10]
INFO: [Synth 8-6155] done synthesizing module 'design_1_axi_smc_0' (0#1) [/home/carbon/kambadur/Projects/Vivado/zynq_cdma/zynq_cdma.gen/sources_1/bd/design_1/ip/design_1_axi_smc_0/synth/design_1_axi_smc_0.v:53]
WARNING: [Synth 8-3848] Net aresetn_out in module/entity clk_map_imp_5Y9LOC does not have driver. [/home/carbon/kambadur/Projects/Vivado/zynq_cdma/zynq_cdma.gen/sources_1/bd/design_1/ip/design_1_axi_smc_0/bd_0/synth/bd_afc3.v:1248]
INFO: [Synth 8-4490] FSM extraction disabled for register 'gen_pipelined.state_reg' through user attribute
INFO: [Synth 8-4490] FSM extraction disabled for register 'gen_pipelined.state_reg' through user attribute
INFO: [Synth 8-4490] FSM extraction disabled for register 'gen_AB_reg_slice.state_reg' through user attribute
INFO: [Synth 8-4490] FSM extraction disabled for register 'gen_pipelined.state_reg' through user attribute
INFO: [Synth 8-4490] FSM extraction disabled for register 'gen_pipelined.state_reg' through user attribute
INFO: [Synth 8-4490] FSM extraction disabled for register 'gen_pipelined.state_reg' through user attribute
INFO: [Synth 8-4490] FSM extraction disabled for register 'gen_pipelined.state_reg' through user attribute
INFO: [Synth 8-4490] FSM extraction disabled for register 'gen_pipelined.state_reg' through user attribute
INFO: [Synth 8-4490] FSM extraction disabled for register 'gen_pipelined.state_reg' through user attribute
INFO: [Synth 8-4490] FSM extraction disabled for register 'gen_AB_reg_slice.state_reg' through user attribute
WARNING: [Synth 8-7129] Port aclk in module sc_util_v1_0_4_pipeline__parameterized0 is either unconnected or has no load
WARNING: [Synth 8-7129] Port aclken in module sc_util_v1_0_4_pipeline__parameterized0 is either unconnected or has no load
WARNING: [Synth 8-7129] Port areset in module sc_util_v1_0_4_pipeline__parameterized0 is either unconnected or has no load
WARNING: [Synth 8-7129] Port din[0] in module sc_util_v1_0_4_onehot_to_binary__parameterized2 is either unconnected or has no load
WARNING: [Synth 8-7129] Port aclk in module sc_util_v1_0_4_pipeline__parameterized4 is either unconnected or has no load
WARNING: [Synth 8-7129] Port aclken in module sc_util_v1_0_4_pipeline__parameterized4 is either unconnected or has no load
WARNING: [Synth 8-7129] Port areset in module sc_util_v1_0_4_pipeline__parameterized4 is either unconnected or has no load
WARNING: [Synth 8-7129] Port connectivity[1] in module sc_switchboard_v1_0_8_top__parameterized2 is either unconnected or has no load
WARNING: [Synth 8-7129] Port connectivity[0] in module sc_switchboard_v1_0_8_top__parameterized2 is either unconnected or has no load
WARNING: [Synth 8-7129] Port din[0] in module sc_util_v1_0_4_onehot_to_binary__parameterized3 is either unconnected or has no load
WARNING: [Synth 8-7129] Port connectivity[1] in module sc_switchboard_v1_0_8_top__parameterized1 is either unconnected or has no load
WARNING: [Synth 8-7129] Port connectivity[0] in module sc_switchboard_v1_0_8_top__parameterized1 is either unconnected or has no load
WARNING: [Synth 8-7129] Port aclk in module sc_util_v1_0_4_pipeline__parameterized3 is either unconnected or has no load
WARNING: [Synth 8-7129] Port aclken in module sc_util_v1_0_4_pipeline__parameterized3 is either unconnected or has no load
WARNING: [Synth 8-7129] Port areset in module sc_util_v1_0_4_pipeline__parameterized3 is either unconnected or has no load
WARNING: [Synth 8-7129] Port connectivity[1] in module sc_switchboard_v1_0_8_top__parameterized0 is either unconnected or has no load
WARNING: [Synth 8-7129] Port connectivity[0] in module sc_switchboard_v1_0_8_top__parameterized0 is either unconnected or has no load
WARNING: [Synth 8-7129] Port aclk in module sc_util_v1_0_4_pipeline__parameterized1 is either unconnected or has no load
WARNING: [Synth 8-7129] Port aclken in module sc_util_v1_0_4_pipeline__parameterized1 is either unconnected or has no load
WARNING: [Synth 8-7129] Port areset in module sc_util_v1_0_4_pipeline__parameterized1 is either unconnected or has no load
WARNING: [Synth 8-7129] Port connectivity[1] in module sc_switchboard_v1_0_8_top is either unconnected or has no load
WARNING: [Synth 8-7129] Port connectivity[0] in module sc_switchboard_v1_0_8_top is either unconnected or has no load
WARNING: [Synth 8-7129] Port aresetn in module switchboards_imp_4N4PBE is either unconnected or has no load
WARNING: [Synth 8-7129] Port din[0] in module sc_util_v1_0_4_onehot_to_binary is either unconnected or has no load
WARNING: [Synth 8-7129] Port sleep in module xpm_memory_base__parameterized3 is either unconnected or has no load
WARNING: [Synth 8-7129] Port rsta in module xpm_memory_base__parameterized3 is either unconnected or has no load
WARNING: [Synth 8-7129] Port regcea in module xpm_memory_base__parameterized3 is either unconnected or has no load
WARNING: [Synth 8-7129] Port injectsbiterra in module xpm_memory_base__parameterized3 is either unconnected or has no load
WARNING: [Synth 8-7129] Port injectdbiterra in module xpm_memory_base__parameterized3 is either unconnected or has no load
WARNING: [Synth 8-7129] Port clkb in module xpm_memory_base__parameterized3 is either unconnected or has no load
WARNING: [Synth 8-7129] Port regceb in module xpm_memory_base__parameterized3 is either unconnected or has no load
WARNING: [Synth 8-7129] Port web[0] in module xpm_memory_base__parameterized3 is either unconnected or has no load
WARNING: [Synth 8-7129] Port dinb[52] in module xpm_memory_base__parameterized3 is either unconnected or has no load
WARNING: [Synth 8-7129] Port dinb[51] in module xpm_memory_base__parameterized3 is either unconnected or has no load
WARNING: [Synth 8-7129] Port dinb[50] in module xpm_memory_base__parameterized3 is either unconnected or has no load
WARNING: [Synth 8-7129] Port dinb[49] in module xpm_memory_base__parameterized3 is either unconnected or has no load
WARNING: [Synth 8-7129] Port dinb[48] in module xpm_memory_base__parameterized3 is either unconnected or has no load
WARNING: [Synth 8-7129] Port dinb[47] in module xpm_memory_base__parameterized3 is either unconnected or has no load
WARNING: [Synth 8-7129] Port dinb[46] in module xpm_memory_base__parameterized3 is either unconnected or has no load
WARNING: [Synth 8-7129] Port dinb[45] in module xpm_memory_base__parameterized3 is either unconnected or has no load
WARNING: [Synth 8-7129] Port dinb[44] in module xpm_memory_base__parameterized3 is either unconnected or has no load
WARNING: [Synth 8-7129] Port dinb[43] in module xpm_memory_base__parameterized3 is either unconnected or has no load
WARNING: [Synth 8-7129] Port dinb[42] in module xpm_memory_base__parameterized3 is either unconnected or has no load
WARNING: [Synth 8-7129] Port dinb[41] in module xpm_memory_base__parameterized3 is either unconnected or has no load
WARNING: [Synth 8-7129] Port dinb[40] in module xpm_memory_base__parameterized3 is either unconnected or has no load
WARNING: [Synth 8-7129] Port dinb[39] in module xpm_memory_base__parameterized3 is either unconnected or has no load
WARNING: [Synth 8-7129] Port dinb[38] in module xpm_memory_base__parameterized3 is either unconnected or has no load
WARNING: [Synth 8-7129] Port dinb[37] in module xpm_memory_base__parameterized3 is either unconnected or has no load
WARNING: [Synth 8-7129] Port dinb[36] in module xpm_memory_base__parameterized3 is either unconnected or has no load
WARNING: [Synth 8-7129] Port dinb[35] in module xpm_memory_base__parameterized3 is either unconnected or has no load
WARNING: [Synth 8-7129] Port dinb[34] in module xpm_memory_base__parameterized3 is either unconnected or has no load
WARNING: [Synth 8-7129] Port dinb[33] in module xpm_memory_base__parameterized3 is either unconnected or has no load
WARNING: [Synth 8-7129] Port dinb[32] in module xpm_memory_base__parameterized3 is either unconnected or has no load
WARNING: [Synth 8-7129] Port dinb[31] in module xpm_memory_base__parameterized3 is either unconnected or has no load
WARNING: [Synth 8-7129] Port dinb[30] in module xpm_memory_base__parameterized3 is either unconnected or has no load
WARNING: [Synth 8-7129] Port dinb[29] in module xpm_memory_base__parameterized3 is either unconnected or has no load
WARNING: [Synth 8-7129] Port dinb[28] in module xpm_memory_base__parameterized3 is either unconnected or has no load
WARNING: [Synth 8-7129] Port dinb[27] in module xpm_memory_base__parameterized3 is either unconnected or has no load
WARNING: [Synth 8-7129] Port dinb[26] in module xpm_memory_base__parameterized3 is either unconnected or has no load
WARNING: [Synth 8-7129] Port dinb[25] in module xpm_memory_base__parameterized3 is either unconnected or has no load
WARNING: [Synth 8-7129] Port dinb[24] in module xpm_memory_base__parameterized3 is either unconnected or has no load
WARNING: [Synth 8-7129] Port dinb[23] in module xpm_memory_base__parameterized3 is either unconnected or has no load
WARNING: [Synth 8-7129] Port dinb[22] in module xpm_memory_base__parameterized3 is either unconnected or has no load
WARNING: [Synth 8-7129] Port dinb[21] in module xpm_memory_base__parameterized3 is either unconnected or has no load
WARNING: [Synth 8-7129] Port dinb[20] in module xpm_memory_base__parameterized3 is either unconnected or has no load
WARNING: [Synth 8-7129] Port dinb[19] in module xpm_memory_base__parameterized3 is either unconnected or has no load
WARNING: [Synth 8-7129] Port dinb[18] in module xpm_memory_base__parameterized3 is either unconnected or has no load
WARNING: [Synth 8-7129] Port dinb[17] in module xpm_memory_base__parameterized3 is either unconnected or has no load
WARNING: [Synth 8-7129] Port dinb[16] in module xpm_memory_base__parameterized3 is either unconnected or has no load
WARNING: [Synth 8-7129] Port dinb[15] in module xpm_memory_base__parameterized3 is either unconnected or has no load
WARNING: [Synth 8-7129] Port dinb[14] in module xpm_memory_base__parameterized3 is either unconnected or has no load
WARNING: [Synth 8-7129] Port dinb[13] in module xpm_memory_base__parameterized3 is either unconnected or has no load
WARNING: [Synth 8-7129] Port dinb[12] in module xpm_memory_base__parameterized3 is either unconnected or has no load
WARNING: [Synth 8-7129] Port dinb[11] in module xpm_memory_base__parameterized3 is either unconnected or has no load
WARNING: [Synth 8-7129] Port dinb[10] in module xpm_memory_base__parameterized3 is either unconnected or has no load
WARNING: [Synth 8-7129] Port dinb[9] in module xpm_memory_base__parameterized3 is either unconnected or has no load
WARNING: [Synth 8-7129] Port dinb[8] in module xpm_memory_base__parameterized3 is either unconnected or has no load
WARNING: [Synth 8-7129] Port dinb[7] in module xpm_memory_base__parameterized3 is either unconnected or has no load
WARNING: [Synth 8-7129] Port dinb[6] in module xpm_memory_base__parameterized3 is either unconnected or has no load
WARNING: [Synth 8-7129] Port dinb[5] in module xpm_memory_base__parameterized3 is either unconnected or has no load
WARNING: [Synth 8-7129] Port dinb[4] in module xpm_memory_base__parameterized3 is either unconnected or has no load
WARNING: [Synth 8-7129] Port dinb[3] in module xpm_memory_base__parameterized3 is either unconnected or has no load
WARNING: [Synth 8-7129] Port dinb[2] in module xpm_memory_base__parameterized3 is either unconnected or has no load
WARNING: [Synth 8-7129] Port dinb[1] in module xpm_memory_base__parameterized3 is either unconnected or has no load
WARNING: [Synth 8-7129] Port dinb[0] in module xpm_memory_base__parameterized3 is either unconnected or has no load
WARNING: [Synth 8-7129] Port injectsbiterrb in module xpm_memory_base__parameterized3 is either unconnected or has no load
WARNING: [Synth 8-7129] Port injectdbiterrb in module xpm_memory_base__parameterized3 is either unconnected or has no load
WARNING: [Synth 8-7129] Port sleep in module xpm_memory_base__parameterized5 is either unconnected or has no load
WARNING: [Synth 8-7129] Port rsta in module xpm_memory_base__parameterized5 is either unconnected or has no load
WARNING: [Synth 8-7129] Port regcea in module xpm_memory_base__parameterized5 is either unconnected or has no load
WARNING: [Synth 8-7129] Port injectsbiterra in module xpm_memory_base__parameterized5 is either unconnected or has no load
WARNING: [Synth 8-7129] Port injectdbiterra in module xpm_memory_base__parameterized5 is either unconnected or has no load
WARNING: [Synth 8-7129] Port clkb in module xpm_memory_base__parameterized5 is either unconnected or has no load
WARNING: [Synth 8-7129] Port regceb in module xpm_memory_base__parameterized5 is either unconnected or has no load
WARNING: [Synth 8-7129] Port web[0] in module xpm_memory_base__parameterized5 is either unconnected or has no load
WARNING: [Synth 8-7129] Port dinb[18] in module xpm_memory_base__parameterized5 is either unconnected or has no load
WARNING: [Synth 8-7129] Port dinb[17] in module xpm_memory_base__parameterized5 is either unconnected or has no load
WARNING: [Synth 8-7129] Port dinb[16] in module xpm_memory_base__parameterized5 is either unconnected or has no load
WARNING: [Synth 8-7129] Port dinb[15] in module xpm_memory_base__parameterized5 is either unconnected or has no load
WARNING: [Synth 8-7129] Port dinb[14] in module xpm_memory_base__parameterized5 is either unconnected or has no load
INFO: [Common 17-14] Message 'Synth 8-7129' appears 100 times and further instances of the messages will be disabled. Use the Tcl command set_msg_config to change the current settings.
---------------------------------------------------------------------------------
Finished RTL Elaboration : Time (s): cpu = 00:00:17 ; elapsed = 00:00:17 . Memory (MB): peak = 2185.262 ; gain = 642.766 ; free physical = 230 ; free virtual = 9192
---------------------------------------------------------------------------------
---------------------------------------------------------------------------------
Start Handling Custom Attributes
---------------------------------------------------------------------------------
---------------------------------------------------------------------------------
Finished Handling Custom Attributes : Time (s): cpu = 00:00:17 ; elapsed = 00:00:18 . Memory (MB): peak = 2197.137 ; gain = 654.641 ; free physical = 214 ; free virtual = 9177
---------------------------------------------------------------------------------
---------------------------------------------------------------------------------
Finished RTL Optimization Phase 1 : Time (s): cpu = 00:00:17 ; elapsed = 00:00:18 . Memory (MB): peak = 2197.137 ; gain = 654.641 ; free physical = 214 ; free virtual = 9177
---------------------------------------------------------------------------------
Netlist sorting complete. Time (s): cpu = 00:00:02 ; elapsed = 00:00:02 . Memory (MB): peak = 2279.426 ; gain = 0.000 ; free physical = 410 ; free virtual = 9069
INFO: [Netlist 29-17] Analyzing 13 Unisim elements for replacement
INFO: [Netlist 29-28] Unisim Transformation completed in 0 CPU seconds
INFO: [Project 1-570] Preparing netlist for logic optimization

Processing XDC Constraints
Initializing timing engine
Parsing XDC File [/home/carbon/kambadur/Projects/Vivado/zynq_cdma/zynq_cdma.gen/sources_1/bd/design_1/ip/design_1_axi_smc_0/ooc.xdc] for cell 'inst'
Finished Parsing XDC File [/home/carbon/kambadur/Projects/Vivado/zynq_cdma/zynq_cdma.gen/sources_1/bd/design_1/ip/design_1_axi_smc_0/ooc.xdc] for cell 'inst'
Parsing XDC File [/home/carbon/kambadur/Projects/Vivado/zynq_cdma/zynq_cdma.gen/sources_1/bd/design_1/ip/design_1_axi_smc_0/bd_0/ip/ip_1/bd_afc3_psr_aclk_0_board.xdc] for cell 'inst/clk_map/psr_aclk/U0'
Finished Parsing XDC File [/home/carbon/kambadur/Projects/Vivado/zynq_cdma/zynq_cdma.gen/sources_1/bd/design_1/ip/design_1_axi_smc_0/bd_0/ip/ip_1/bd_afc3_psr_aclk_0_board.xdc] for cell 'inst/clk_map/psr_aclk/U0'
Parsing XDC File [/home/carbon/kambadur/Projects/Vivado/zynq_cdma/zynq_cdma.gen/sources_1/bd/design_1/ip/design_1_axi_smc_0/bd_0/ip/ip_1/bd_afc3_psr_aclk_0.xdc] for cell 'inst/clk_map/psr_aclk/U0'
Finished Parsing XDC File [/home/carbon/kambadur/Projects/Vivado/zynq_cdma/zynq_cdma.gen/sources_1/bd/design_1/ip/design_1_axi_smc_0/bd_0/ip/ip_1/bd_afc3_psr_aclk_0.xdc] for cell 'inst/clk_map/psr_aclk/U0'
INFO: [Project 1-236] Implementation specific constraints were found while reading constraint file [/home/carbon/kambadur/Projects/Vivado/zynq_cdma/zynq_cdma.gen/sources_1/bd/design_1/ip/design_1_axi_smc_0/bd_0/ip/ip_1/bd_afc3_psr_aclk_0.xdc]. These constraints will be ignored for synthesis but will be used in implementation. Impacted constraints are listed in the file [.Xil/design_1_axi_smc_0_propImpl.xdc].
Resolution: To avoid this warning, move constraints listed in [.Xil/design_1_axi_smc_0_propImpl.xdc] to another XDC file and exclude this new file from synthesis with the used_in_synthesis property (File Properties dialog in GUI) and re-run elaboration/synthesis.
Parsing XDC File [/home/carbon/kambadur/Projects/Vivado/zynq_cdma/zynq_cdma.gen/sources_1/bd/design_1/ip/design_1_axi_smc_0/smartconnect.xdc] for cell 'inst'
Finished Parsing XDC File [/home/carbon/kambadur/Projects/Vivado/zynq_cdma/zynq_cdma.gen/sources_1/bd/design_1/ip/design_1_axi_smc_0/smartconnect.xdc] for cell 'inst'
Parsing XDC File [/home/carbon/kambadur/Projects/Vivado/zynq_cdma/zynq_cdma.runs/design_1_axi_smc_0_synth_1/dont_touch.xdc]
Finished Parsing XDC File [/home/carbon/kambadur/Projects/Vivado/zynq_cdma/zynq_cdma.runs/design_1_axi_smc_0_synth_1/dont_touch.xdc]
INFO: [Project 1-236] Implementation specific constraints were found while reading constraint file [/tools/Xilinx/Vivado/2024.2/data/ip/xpm/xpm_memory/tcl/xpm_memory_xdc.tcl]. These constraints will be ignored for synthesis but will be used in implementation. Impacted constraints are listed in the file [.Xil/design_1_axi_smc_0_propImpl.xdc].
Resolution: To avoid this warning, move constraints listed in [.Xil/design_1_axi_smc_0_propImpl.xdc] to another XDC file and exclude this new file from synthesis with the used_in_synthesis property (File Properties dialog in GUI) and re-run elaboration/synthesis.
INFO: [Project 1-1714] 65 XPM XDC files have been applied to the design.
Completed Processing XDC Constraints

Netlist sorting complete. Time (s): cpu = 00:00:00.01 ; elapsed = 00:00:00.01 . Memory (MB): peak = 2734.582 ; gain = 0.000 ; free physical = 349 ; free virtual = 8445
INFO: [Project 1-111] Unisim Transformation Summary:
  A total of 13 instances were transformed.
  FDR => FDRE: 12 instances
  SRL16 => SRL16E: 1 instance 

Constraint Validation Runtime : Time (s): cpu = 00:00:02 ; elapsed = 00:00:00.93 . Memory (MB): peak = 2734.582 ; gain = 0.000 ; free physical = 349 ; free virtual = 8445
INFO: [Designutils 20-5008] Incremental synthesis strategy off
---------------------------------------------------------------------------------
Finished Constraint Validation : Time (s): cpu = 00:00:52 ; elapsed = 00:00:50 . Memory (MB): peak = 2734.582 ; gain = 1192.086 ; free physical = 354 ; free virtual = 8450
---------------------------------------------------------------------------------
---------------------------------------------------------------------------------
Start Loading Part and Timing Information
---------------------------------------------------------------------------------
Loading part: xc7z020clg484-1
---------------------------------------------------------------------------------
Finished Loading Part and Timing Information : Time (s): cpu = 00:00:52 ; elapsed = 00:00:50 . Memory (MB): peak = 2742.586 ; gain = 1200.090 ; free physical = 354 ; free virtual = 8450
---------------------------------------------------------------------------------
---------------------------------------------------------------------------------
Start Applying 'set_property' XDC Constraints
---------------------------------------------------------------------------------
Applied set_property KEEP_HIERARCHY = SOFT for inst. (constraint file  /home/carbon/kambadur/Projects/Vivado/zynq_cdma/zynq_cdma.runs/design_1_axi_smc_0_synth_1/dont_touch.xdc, line 154).
Applied set_property KEEP_HIERARCHY = SOFT for inst/m00_nodes/m00_ar_node/inst/m_sc_xpm_cdc_async_rst_inst. (constraint file  auto generated constraint).
Applied set_property KEEP_HIERARCHY = SOFT for inst/m00_nodes/m00_aw_node/inst/m_sc_xpm_cdc_async_rst_inst. (constraint file  auto generated constraint).
Applied set_property KEEP_HIERARCHY = SOFT for inst/m00_nodes/m00_b_node/inst/m_sc_xpm_cdc_async_rst_inst. (constraint file  auto generated constraint).
Applied set_property KEEP_HIERARCHY = SOFT for inst/m00_nodes/m00_r_node/inst/m_sc_xpm_cdc_async_rst_inst. (constraint file  auto generated constraint).
Applied set_property KEEP_HIERARCHY = SOFT for inst/m00_nodes/m00_w_node/inst/m_sc_xpm_cdc_async_rst_inst. (constraint file  auto generated constraint).
Applied set_property KEEP_HIERARCHY = SOFT for inst/m01_nodes/m01_ar_node/inst/m_sc_xpm_cdc_async_rst_inst. (constraint file  auto generated constraint).
Applied set_property KEEP_HIERARCHY = SOFT for inst/m01_nodes/m01_aw_node/inst/m_sc_xpm_cdc_async_rst_inst. (constraint file  auto generated constraint).
Applied set_property KEEP_HIERARCHY = SOFT for inst/m01_nodes/m01_b_node/inst/m_sc_xpm_cdc_async_rst_inst. (constraint file  auto generated constraint).
Applied set_property KEEP_HIERARCHY = SOFT for inst/m01_nodes/m01_r_node/inst/m_sc_xpm_cdc_async_rst_inst. (constraint file  auto generated constraint).
Applied set_property KEEP_HIERARCHY = SOFT for inst/m01_nodes/m01_w_node/inst/m_sc_xpm_cdc_async_rst_inst. (constraint file  auto generated constraint).
Applied set_property KEEP_HIERARCHY = SOFT for inst/s00_nodes/s00_ar_node/inst/m_sc_xpm_cdc_async_rst_inst. (constraint file  auto generated constraint).
Applied set_property KEEP_HIERARCHY = SOFT for inst/s00_nodes/s00_aw_node/inst/m_sc_xpm_cdc_async_rst_inst. (constraint file  auto generated constraint).
Applied set_property KEEP_HIERARCHY = SOFT for inst/s00_nodes/s00_b_node/inst/m_sc_xpm_cdc_async_rst_inst. (constraint file  auto generated constraint).
Applied set_property KEEP_HIERARCHY = SOFT for inst/s00_nodes/s00_r_node/inst/m_sc_xpm_cdc_async_rst_inst. (constraint file  auto generated constraint).
Applied set_property KEEP_HIERARCHY = SOFT for inst/s00_nodes/s00_w_node/inst/m_sc_xpm_cdc_async_rst_inst. (constraint file  auto generated constraint).
Applied set_property KEEP_HIERARCHY = SOFT for inst/m00_nodes/m00_ar_node/inst/s_sc_xpm_cdc_async_rst_inst. (constraint file  auto generated constraint).
Applied set_property KEEP_HIERARCHY = SOFT for inst/m00_nodes/m00_aw_node/inst/s_sc_xpm_cdc_async_rst_inst. (constraint file  auto generated constraint).
Applied set_property KEEP_HIERARCHY = SOFT for inst/m00_nodes/m00_b_node/inst/s_sc_xpm_cdc_async_rst_inst. (constraint file  auto generated constraint).
Applied set_property KEEP_HIERARCHY = SOFT for inst/m00_nodes/m00_r_node/inst/s_sc_xpm_cdc_async_rst_inst. (constraint file  auto generated constraint).
Applied set_property KEEP_HIERARCHY = SOFT for inst/m00_nodes/m00_w_node/inst/s_sc_xpm_cdc_async_rst_inst. (constraint file  auto generated constraint).
Applied set_property KEEP_HIERARCHY = SOFT for inst/m01_nodes/m01_ar_node/inst/s_sc_xpm_cdc_async_rst_inst. (constraint file  auto generated constraint).
Applied set_property KEEP_HIERARCHY = SOFT for inst/m01_nodes/m01_aw_node/inst/s_sc_xpm_cdc_async_rst_inst. (constraint file  auto generated constraint).
Applied set_property KEEP_HIERARCHY = SOFT for inst/m01_nodes/m01_b_node/inst/s_sc_xpm_cdc_async_rst_inst. (constraint file  auto generated constraint).
Applied set_property KEEP_HIERARCHY = SOFT for inst/m01_nodes/m01_r_node/inst/s_sc_xpm_cdc_async_rst_inst. (constraint file  auto generated constraint).
Applied set_property KEEP_HIERARCHY = SOFT for inst/m01_nodes/m01_w_node/inst/s_sc_xpm_cdc_async_rst_inst. (constraint file  auto generated constraint).
Applied set_property KEEP_HIERARCHY = SOFT for inst/s00_nodes/s00_ar_node/inst/s_sc_xpm_cdc_async_rst_inst. (constraint file  auto generated constraint).
Applied set_property KEEP_HIERARCHY = SOFT for inst/s00_nodes/s00_aw_node/inst/s_sc_xpm_cdc_async_rst_inst. (constraint file  auto generated constraint).
Applied set_property KEEP_HIERARCHY = SOFT for inst/s00_nodes/s00_b_node/inst/s_sc_xpm_cdc_async_rst_inst. (constraint file  auto generated constraint).
Applied set_property KEEP_HIERARCHY = SOFT for inst/s00_nodes/s00_r_node/inst/s_sc_xpm_cdc_async_rst_inst. (constraint file  auto generated constraint).
Applied set_property KEEP_HIERARCHY = SOFT for inst/s00_nodes/s00_w_node/inst/s_sc_xpm_cdc_async_rst_inst. (constraint file  auto generated constraint).
Applied set_property KEEP_HIERARCHY = SOFT for inst/m00_exit_pipeline/m00_exit/inst/xpm_cdc_async_rst_inst. (constraint file  auto generated constraint).
Applied set_property KEEP_HIERARCHY = SOFT for inst/m01_exit_pipeline/m01_exit/inst/xpm_cdc_async_rst_inst. (constraint file  auto generated constraint).
Applied set_property KEEP_HIERARCHY = SOFT for inst/s00_entry_pipeline/s00_mmu/inst/xpm_cdc_async_rst_inst. (constraint file  auto generated constraint).
Applied set_property KEEP_HIERARCHY = SOFT for inst/s00_entry_pipeline/s00_si_converter/inst/xpm_cdc_async_rst_inst. (constraint file  auto generated constraint).
Applied set_property KEEP_HIERARCHY = SOFT for inst/s00_entry_pipeline/s00_transaction_regulator/inst/xpm_cdc_async_rst_inst. (constraint file  auto generated constraint).
Applied set_property KEEP_HIERARCHY = SOFT for inst/m00_nodes/m00_ar_node/inst/inst_mi_handler/\gen_normal_area.gen_node_prog_full.inst_node_prog_full /\gen_xpm_memory_fifo.inst_fifo /\gen_mem_rep[0].inst_xpm_memory . (constraint file  auto generated constraint).
Applied set_property KEEP_HIERARCHY = SOFT for inst/m00_nodes/m00_aw_node/inst/inst_mi_handler/\gen_normal_area.gen_node_prog_full.inst_node_prog_full /\gen_xpm_memory_fifo.inst_fifo /\gen_mem_rep[0].inst_xpm_memory . (constraint file  auto generated constraint).
Applied set_property KEEP_HIERARCHY = SOFT for inst/m00_nodes/m00_w_node/inst/inst_mi_handler/\gen_normal_area.gen_node_prog_full.inst_node_prog_full /\gen_xpm_memory_fifo.inst_fifo /\gen_mem_rep[0].inst_xpm_memory . (constraint file  auto generated constraint).
Applied set_property KEEP_HIERARCHY = SOFT for inst/m01_nodes/m01_ar_node/inst/inst_mi_handler/\gen_normal_area.gen_node_prog_full.inst_node_prog_full /\gen_xpm_memory_fifo.inst_fifo /\gen_mem_rep[0].inst_xpm_memory . (constraint file  auto generated constraint).
Applied set_property KEEP_HIERARCHY = SOFT for inst/m01_nodes/m01_aw_node/inst/inst_mi_handler/\gen_normal_area.gen_node_prog_full.inst_node_prog_full /\gen_xpm_memory_fifo.inst_fifo /\gen_mem_rep[0].inst_xpm_memory . (constraint file  auto generated constraint).
Applied set_property KEEP_HIERARCHY = SOFT for inst/m01_nodes/m01_w_node/inst/inst_mi_handler/\gen_normal_area.gen_node_prog_full.inst_node_prog_full /\gen_xpm_memory_fifo.inst_fifo /\gen_mem_rep[0].inst_xpm_memory . (constraint file  auto generated constraint).
Applied set_property KEEP_HIERARCHY = SOFT for inst/s00_nodes/s00_b_node/inst/inst_mi_handler/\gen_normal_area.gen_node_prog_full.inst_node_prog_full /\gen_xpm_memory_fifo.inst_fifo /\gen_mem_rep[0].inst_xpm_memory . (constraint file  auto generated constraint).
Applied set_property KEEP_HIERARCHY = SOFT for inst/s00_nodes/s00_r_node/inst/inst_mi_handler/\gen_normal_area.gen_node_prog_full.inst_node_prog_full /\gen_xpm_memory_fifo.inst_fifo /\gen_mem_rep[0].inst_xpm_memory . (constraint file  auto generated constraint).
Applied set_property KEEP_HIERARCHY = SOFT for inst/m00_nodes/m00_ar_node/inst/inst_mi_handler/\gen_normal_area.inst_fifo_node_payld /\gen_xpm_memory_fifo.inst_fifo /\gen_mem_rep[0].inst_xpm_memory . (constraint file  auto generated constraint).
Applied set_property KEEP_HIERARCHY = SOFT for inst/m00_nodes/m00_aw_node/inst/inst_mi_handler/\gen_normal_area.inst_fifo_node_payld /\gen_xpm_memory_fifo.inst_fifo /\gen_mem_rep[0].inst_xpm_memory . (constraint file  auto generated constraint).
Applied set_property KEEP_HIERARCHY = SOFT for inst/m01_nodes/m01_ar_node/inst/inst_mi_handler/\gen_normal_area.inst_fifo_node_payld /\gen_xpm_memory_fifo.inst_fifo /\gen_mem_rep[0].inst_xpm_memory . (constraint file  auto generated constraint).
Applied set_property KEEP_HIERARCHY = SOFT for inst/m01_nodes/m01_aw_node/inst/inst_mi_handler/\gen_normal_area.inst_fifo_node_payld /\gen_xpm_memory_fifo.inst_fifo /\gen_mem_rep[0].inst_xpm_memory . (constraint file  auto generated constraint).
Applied set_property KEEP_HIERARCHY = SOFT for inst/m00_nodes/m00_b_node/inst/inst_mi_handler/\gen_normal_area.gen_fifo_req.inst_fifo_req /\gen_xpm_memory_fifo.inst_fifo /\gen_mem_rep[0].inst_xpm_memory . (constraint file  auto generated constraint).
Applied set_property KEEP_HIERARCHY = SOFT for inst/m00_nodes/m00_r_node/inst/inst_mi_handler/\gen_normal_area.gen_fifo_req.inst_fifo_req /\gen_xpm_memory_fifo.inst_fifo /\gen_mem_rep[0].inst_xpm_memory . (constraint file  auto generated constraint).
Applied set_property KEEP_HIERARCHY = SOFT for inst/m01_nodes/m01_b_node/inst/inst_mi_handler/\gen_normal_area.gen_fifo_req.inst_fifo_req /\gen_xpm_memory_fifo.inst_fifo /\gen_mem_rep[0].inst_xpm_memory . (constraint file  auto generated constraint).
Applied set_property KEEP_HIERARCHY = SOFT for inst/m01_nodes/m01_r_node/inst/inst_mi_handler/\gen_normal_area.gen_fifo_req.inst_fifo_req /\gen_xpm_memory_fifo.inst_fifo /\gen_mem_rep[0].inst_xpm_memory . (constraint file  auto generated constraint).
Applied set_property KEEP_HIERARCHY = SOFT for inst/m00_nodes/m00_b_node/inst/inst_mi_handler/\gen_normal_area.inst_fifo_node_payld /\gen_xpm_memory_fifo.inst_fifo /\gen_mem_rep[0].inst_xpm_memory . (constraint file  auto generated constraint).
Applied set_property KEEP_HIERARCHY = SOFT for inst/m01_nodes/m01_b_node/inst/inst_mi_handler/\gen_normal_area.inst_fifo_node_payld /\gen_xpm_memory_fifo.inst_fifo /\gen_mem_rep[0].inst_xpm_memory . (constraint file  auto generated constraint).
Applied set_property KEEP_HIERARCHY = SOFT for inst/m00_nodes/m00_r_node/inst/inst_mi_handler/\gen_normal_area.inst_fifo_node_payld /\gen_xpm_memory_fifo.inst_fifo /\gen_mem_rep[0].inst_xpm_memory . (constraint file  auto generated constraint).
Applied set_property KEEP_HIERARCHY = SOFT for inst/m01_nodes/m01_r_node/inst/inst_mi_handler/\gen_normal_area.inst_fifo_node_payld /\gen_xpm_memory_fifo.inst_fifo /\gen_mem_rep[0].inst_xpm_memory . (constraint file  auto generated constraint).
Applied set_property KEEP_HIERARCHY = SOFT for inst/s00_nodes/s00_w_node/inst/inst_mi_handler/\gen_normal_area.inst_fifo_node_payld /\gen_xpm_memory_fifo.inst_fifo /\gen_mem_rep[0].inst_xpm_memory . (constraint file  auto generated constraint).
Applied set_property KEEP_HIERARCHY = SOFT for inst/m00_nodes/m00_w_node/inst/inst_mi_handler/\gen_normal_area.inst_fifo_node_payld /\gen_xpm_memory_fifo.inst_fifo /\gen_mem_rep[0].inst_xpm_memory . (constraint file  auto generated constraint).
Applied set_property KEEP_HIERARCHY = SOFT for inst/m01_nodes/m01_w_node/inst/inst_mi_handler/\gen_normal_area.inst_fifo_node_payld /\gen_xpm_memory_fifo.inst_fifo /\gen_mem_rep[0].inst_xpm_memory . (constraint file  auto generated constraint).
Applied set_property KEEP_HIERARCHY = SOFT for inst/s00_nodes/s00_r_node/inst/inst_mi_handler/\gen_normal_area.inst_fifo_node_payld /\gen_xpm_memory_fifo.inst_fifo /\gen_mem_rep[0].inst_xpm_memory . (constraint file  auto generated constraint).
Applied set_property KEEP_HIERARCHY = SOFT for inst/s00_nodes/s00_ar_node/inst/inst_mi_handler/\gen_normal_area.gen_fifo_req.inst_fifo_req /\gen_xpm_memory_fifo.inst_fifo /\gen_mem_rep[0].inst_xpm_memory . (constraint file  auto generated constraint).
Applied set_property KEEP_HIERARCHY = SOFT for inst/s00_nodes/s00_aw_node/inst/inst_mi_handler/\gen_normal_area.gen_fifo_req.inst_fifo_req /\gen_xpm_memory_fifo.inst_fifo /\gen_mem_rep[0].inst_xpm_memory . (constraint file  auto generated constraint).
Applied set_property KEEP_HIERARCHY = SOFT for inst/s00_nodes/s00_w_node/inst/inst_mi_handler/\gen_normal_area.gen_fifo_req.inst_fifo_req /\gen_xpm_memory_fifo.inst_fifo /\gen_mem_rep[0].inst_xpm_memory . (constraint file  auto generated constraint).
Applied set_property KEEP_HIERARCHY = SOFT for inst/s00_nodes/s00_ar_node/inst/inst_mi_handler/\gen_normal_area.inst_fifo_node_payld /\gen_xpm_memory_fifo.inst_fifo /\gen_mem_rep[0].inst_xpm_memory . (constraint file  auto generated constraint).
Applied set_property KEEP_HIERARCHY = SOFT for inst/s00_nodes/s00_aw_node/inst/inst_mi_handler/\gen_normal_area.inst_fifo_node_payld /\gen_xpm_memory_fifo.inst_fifo /\gen_mem_rep[0].inst_xpm_memory . (constraint file  auto generated constraint).
Applied set_property KEEP_HIERARCHY = SOFT for inst/s00_nodes/s00_b_node/inst/inst_mi_handler/\gen_normal_area.inst_fifo_node_payld /\gen_xpm_memory_fifo.inst_fifo /\gen_mem_rep[0].inst_xpm_memory . (constraint file  auto generated constraint).
---------------------------------------------------------------------------------
Finished applying 'set_property' XDC Constraints : Time (s): cpu = 00:00:52 ; elapsed = 00:00:51 . Memory (MB): peak = 2742.586 ; gain = 1200.090 ; free physical = 321 ; free virtual = 8442
---------------------------------------------------------------------------------
INFO: [Synth 8-802] inferred FSM for state register 'w_state_reg' in module 'sc_exit_v1_0_16_axilite_conv'
INFO: [Synth 8-802] inferred FSM for state register 'r_state_reg' in module 'sc_exit_v1_0_16_axilite_conv'
INFO: [Synth 8-4490] FSM extraction disabled for register 'gen_pipelined.state_reg' through user attribute
INFO: [Synth 8-4490] FSM extraction disabled for register 'gen_pipelined.state_reg' through user attribute
INFO: [Synth 8-4490] FSM extraction disabled for register 'gen_pipelined.state_reg' through user attribute
INFO: [Synth 8-4490] FSM extraction disabled for register 'gen_pipelined.state_reg' through user attribute
INFO: [Synth 8-4490] FSM extraction disabled for register 'gen_AB_reg_slice.state_reg' through user attribute
INFO: [Synth 8-4490] FSM extraction disabled for register 'gen_AB_reg_slice.state_reg' through user attribute
INFO: [Synth 8-4490] FSM extraction disabled for register 'gen_pipelined.state_reg' through user attribute
INFO: [Synth 8-4490] FSM extraction disabled for register 'gen_pipelined.state_reg' through user attribute
INFO: [Synth 8-802] inferred FSM for state register 'gen_axi.gen_write.write_cs_reg' in module 'sc_mmu_v1_0_14_decerr_slave'
INFO: [Synth 8-802] inferred FSM for state register 'gen_endpoint.w_state_reg' in module 'sc_mmu_v1_0_14_top'
INFO: [Synth 8-802] inferred FSM for state register 'gen_endpoint.r_state_reg' in module 'sc_mmu_v1_0_14_top'
INFO: [Synth 8-4490] FSM extraction disabled for register 'gen_pipelined.state_reg' through user attribute
INFO: [Synth 8-4490] FSM extraction disabled for register 'gen_pipelined.state_reg' through user attribute
INFO: [Synth 8-4490] FSM extraction disabled for register 'gen_pipelined.state_reg' through user attribute
INFO: [Synth 8-4490] FSM extraction disabled for register 'gen_pipelined.state_reg' through user attribute
INFO: [Synth 8-4490] FSM extraction disabled for register 'gen_pipelined.state_reg' through user attribute
INFO: [Synth 8-4490] FSM extraction disabled for register 'gen_pipelined.state_reg' through user attribute
INFO: [Synth 8-4490] FSM extraction disabled for register 'gen_pipelined.state_reg' through user attribute
INFO: [Synth 8-4490] FSM extraction disabled for register 'gen_pipelined.state_reg' through user attribute
INFO: [Synth 8-4490] FSM extraction disabled for register 'gen_pipelined.state_reg' through user attribute
INFO: [Synth 8-4490] FSM extraction disabled for register 'gen_pipelined.state_reg' through user attribute
INFO: [Synth 8-802] inferred FSM for state register 'state_reg' in module 'sc_transaction_regulator_v1_0_11_multithread'
INFO: [Synth 8-4490] FSM extraction disabled for register 'gen_AB_reg_slice.state_reg' through user attribute
INFO: [Synth 8-4490] FSM extraction disabled for register 'gen_AB_reg_slice.state_reg' through user attribute
---------------------------------------------------------------------------------------------------
                   State |                     New Encoding |                Previous Encoding 
---------------------------------------------------------------------------------------------------
                  W_IDLE |                              000 | 00000000000000000000000000000000
                    W_RX |                              001 | 00000000000000000000000000000001
                    W_TX |                              010 | 00000000000000000000000000000010
              W_COMPLETE |                              011 | 00000000000000000000000000000100
               W_RECOVER |                              100 | 00000000000000000000000000000011
---------------------------------------------------------------------------------------------------
INFO: [Synth 8-3354] encoded FSM with state register 'w_state_reg' using encoding 'sequential' in module 'sc_exit_v1_0_16_axilite_conv'
---------------------------------------------------------------------------------------------------
                   State |                     New Encoding |                Previous Encoding 
---------------------------------------------------------------------------------------------------
                  R_IDLE |                               00 | 00000000000000000000000000000000
                    R_RX |                               01 | 00000000000000000000000000000001
                    R_TX |                               10 | 00000000000000000000000000000010
---------------------------------------------------------------------------------------------------
INFO: [Synth 8-3354] encoded FSM with state register 'r_state_reg' using encoding 'sequential' in module 'sc_exit_v1_0_16_axilite_conv'
---------------------------------------------------------------------------------------------------
                   State |                     New Encoding |                Previous Encoding 
---------------------------------------------------------------------------------------------------
            P_WRITE_IDLE |                              001 |                               00
            P_WRITE_DATA |                              010 |                               01
            P_WRITE_RESP |                              100 |                               10
---------------------------------------------------------------------------------------------------
INFO: [Synth 8-3354] encoded FSM with state register 'gen_axi.gen_write.write_cs_reg' using encoding 'one-hot' in module 'sc_mmu_v1_0_14_decerr_slave'
---------------------------------------------------------------------------------------------------
                   State |                     New Encoding |                Previous Encoding 
---------------------------------------------------------------------------------------------------
                  iSTATE |                               00 | 00000000000000000000000000000000
*
                 W_STALL |                               01 | 00000000000000000000000000000001
               W_PENDING |                               10 | 00000000000000000000000000000010
                W_DECERR |                               11 | 00000000000000000000000000000011
---------------------------------------------------------------------------------------------------
INFO: [Synth 8-3354] encoded FSM with state register 'gen_endpoint.w_state_reg' using encoding 'sequential' in module 'sc_mmu_v1_0_14_top'
---------------------------------------------------------------------------------------------------
                   State |                     New Encoding |                Previous Encoding 
---------------------------------------------------------------------------------------------------
                  iSTATE |                               00 | 00000000000000000000000000000000
*
                 R_STALL |                               01 | 00000000000000000000000000000001
               R_PENDING |                               10 | 00000000000000000000000000000010
                R_DECERR |                               11 | 00000000000000000000000000000011
---------------------------------------------------------------------------------------------------
INFO: [Synth 8-3354] encoded FSM with state register 'gen_endpoint.r_state_reg' using encoding 'sequential' in module 'sc_mmu_v1_0_14_top'
---------------------------------------------------------------------------------------------------
                   State |                     New Encoding |                Previous Encoding 
---------------------------------------------------------------------------------------------------
                    INIT |                              000 | 00000000000000000000000000000000
                    IDLE |                              001 | 00000000000000000000000000000001
                DEADLOCK |                              010 | 00000000000000000000000000000010
                OVERFLOW |                              011 | 00000000000000000000000000000100
                ALLOCATE |                              100 | 00000000000000000000000000000011
                 REFRESH |                              101 | 00000000000000000000000000000101
---------------------------------------------------------------------------------------------------
INFO: [Synth 8-3354] encoded FSM with state register 'state_reg' using encoding 'sequential' in module 'sc_transaction_regulator_v1_0_11_multithread'
---------------------------------------------------------------------------------
Finished RTL Optimization Phase 2 : Time (s): cpu = 00:00:59 ; elapsed = 00:00:58 . Memory (MB): peak = 2742.586 ; gain = 1200.090 ; free physical = 318 ; free virtual = 8425
---------------------------------------------------------------------------------
---------------------------------------------------------------------------------
Start RTL Component Statistics 
---------------------------------------------------------------------------------
Detailed RTL Component Info : 
+---Adders : 
	   2 Input   12 Bit       Adders := 2     
	   2 Input    9 Bit       Adders := 3     
	   2 Input    8 Bit       Adders := 18    
	   2 Input    7 Bit       Adders := 4     
	   3 Input    6 Bit       Adders := 5     
	   2 Input    6 Bit       Adders := 181   
	   2 Input    5 Bit       Adders := 11    
	   3 Input    5 Bit       Adders := 5     
	   4 Input    5 Bit       Adders := 5     
	   2 Input    4 Bit       Adders := 38    
	   3 Input    4 Bit       Adders := 2     
	   2 Input    3 Bit       Adders := 1     
	   2 Input    2 Bit       Adders := 12    
	   3 Input    1 Bit       Adders := 6     
+---XORs : 
	   2 Input      1 Bit         XORs := 246   
+---Registers : 
	             2178 Bit    Registers := 44    
	              512 Bit    Registers := 1     
	              161 Bit    Registers := 4     
	              143 Bit    Registers := 6     
	              104 Bit    Registers := 1     
	               71 Bit    Registers := 3     
	               64 Bit    Registers := 5     
	               53 Bit    Registers := 6     
	               47 Bit    Registers := 2     
	               42 Bit    Registers := 4     
	               41 Bit    Registers := 5     
	               33 Bit    Registers := 2     
	               32 Bit    Registers := 5     
	               25 Bit    Registers := 1     
	               21 Bit    Registers := 4     
	               19 Bit    Registers := 3     
	               18 Bit    Registers := 4     
	               16 Bit    Registers := 1     
	               14 Bit    Registers := 1     
	               13 Bit    Registers := 1     
	               12 Bit    Registers := 16    
	                9 Bit    Registers := 3     
	                8 Bit    Registers := 22    
	                7 Bit    Registers := 6     
	                6 Bit    Registers := 91    
	                5 Bit    Registers := 21    
	                4 Bit    Registers := 59    
	                3 Bit    Registers := 64    
	                2 Bit    Registers := 39    
	                1 Bit    Registers := 728   
+---Muxes : 
	   2 Input 2178 Bit        Muxes := 21    
	   2 Input  143 Bit        Muxes := 4     
	   2 Input   53 Bit        Muxes := 3     
	   2 Input   47 Bit        Muxes := 2     
	   2 Input   42 Bit        Muxes := 4     
	   2 Input   41 Bit        Muxes := 4     
	   2 Input   33 Bit        Muxes := 2     
	   3 Input   32 Bit        Muxes := 1     
	   2 Input   32 Bit        Muxes := 15    
	   2 Input   21 Bit        Muxes := 4     
	   2 Input   16 Bit        Muxes := 1     
	   2 Input   14 Bit        Muxes := 1     
	   3 Input   13 Bit        Muxes := 1     
	   2 Input   13 Bit        Muxes := 1     
	   2 Input   12 Bit        Muxes := 20    
	   5 Input   12 Bit        Muxes := 1     
	   5 Input    9 Bit        Muxes := 1     
	   2 Input    9 Bit        Muxes := 2     
	   3 Input    8 Bit        Muxes := 1     
	   2 Input    8 Bit        Muxes := 54    
	   7 Input    8 Bit        Muxes := 2     
	   2 Input    7 Bit        Muxes := 24    
	   2 Input    6 Bit        Muxes := 31    
	   2 Input    5 Bit        Muxes := 15    
	   4 Input    5 Bit        Muxes := 8     
	   2 Input    4 Bit        Muxes := 60    
	   3 Input    4 Bit        Muxes := 2     
	   5 Input    3 Bit        Muxes := 3     
	   2 Input    3 Bit        Muxes := 20    
	   4 Input    3 Bit        Muxes := 16    
	   6 Input    3 Bit        Muxes := 2     
	   4 Input    2 Bit        Muxes := 4     
	   3 Input    2 Bit        Muxes := 2     
	   2 Input    2 Bit        Muxes := 171   
	   5 Input    2 Bit        Muxes := 1     
	   7 Input    2 Bit        Muxes := 7     
	   6 Input    1 Bit        Muxes := 196   
	   4 Input    1 Bit        Muxes := 47    
	   7 Input    1 Bit        Muxes := 42    
	   2 Input    1 Bit        Muxes := 472   
	   5 Input    1 Bit        Muxes := 14    
	   3 Input    1 Bit        Muxes := 24    
	  12 Input    1 Bit        Muxes := 18    
---------------------------------------------------------------------------------
Finished RTL Component Statistics 
---------------------------------------------------------------------------------
---------------------------------------------------------------------------------
Start Part Resource Summary
---------------------------------------------------------------------------------
Part Resources:
DSPs: 220 (col length:60)
BRAMs: 280 (col length: RAMB18 60 RAMB36 30)
---------------------------------------------------------------------------------
Finished Part Resource Summary
---------------------------------------------------------------------------------
---------------------------------------------------------------------------------
Start Cross Boundary and Area Optimization
---------------------------------------------------------------------------------
WARNING: [Synth 8-7080] Parallel synthesis criteria is not met
---------------------------------------------------------------------------------
Finished Cross Boundary and Area Optimization : Time (s): cpu = 00:02:23 ; elapsed = 00:02:23 . Memory (MB): peak = 2742.586 ; gain = 1200.090 ; free physical = 236 ; free virtual = 8355
---------------------------------------------------------------------------------
---------------------------------------------------------------------------------
Start ROM, RAM, DSP, Shift Register and Retiming Reporting
---------------------------------------------------------------------------------

Distributed RAM: Preliminary Mapping Report (see note below)
+-------------------------------------------------------------------------------------------------------------------------------------------------------------------------------------+----------------------------------+----------------+----------------------+--------------+
|Module Name                                                                                                                                                                          | RTL Object                       | Inference      | Size (Depth x Width) | Primitives   | 
+-------------------------------------------------------------------------------------------------------------------------------------------------------------------------------------+----------------------------------+----------------+----------------------+--------------+
|inst/i_0/\m00_nodes/m00_ar_node/inst /\inst_mi_handler/gen_normal_area.inst_fifo_node_payld/gen_xpm_memory_fifo.inst_fifo/gen_mem_rep[0].inst_xpm_memory /xpm_memory_base_inst       | gen_wr_a.gen_word_narrow.mem_reg | User Attribute | 32 x 161             | RAM32M x 27  | 
|inst/i_0/\m00_nodes/m00_aw_node/inst /\inst_mi_handler/gen_normal_area.inst_fifo_node_payld/gen_xpm_memory_fifo.inst_fifo/gen_mem_rep[0].inst_xpm_memory /xpm_memory_base_inst       | gen_wr_a.gen_word_narrow.mem_reg | User Attribute | 32 x 161             | RAM32M x 27  | 
|inst/i_0/\m00_nodes/m00_b_node/inst /\inst_mi_handler/gen_normal_area.inst_fifo_node_payld/gen_xpm_memory_fifo.inst_fifo/gen_mem_rep[0].inst_xpm_memory /xpm_memory_base_inst        | gen_wr_a.gen_word_narrow.mem_reg | User Attribute | 32 x 7               | RAM32M x 2   | 
|inst/i_0/\m00_nodes/m00_r_node/inst /\inst_mi_handler/gen_normal_area.inst_fifo_node_payld/gen_xpm_memory_fifo.inst_fifo/gen_mem_rep[0].inst_xpm_memory /xpm_memory_base_inst        | gen_wr_a.gen_word_narrow.mem_reg | User Attribute | 32 x 53              | RAM32M x 9   | 
|inst/i_0/\m00_nodes/m00_w_node/inst /\inst_mi_handler/gen_normal_area.inst_fifo_node_payld/gen_xpm_memory_fifo.inst_fifo/gen_mem_rep[0].inst_xpm_memory /xpm_memory_base_inst        | gen_wr_a.gen_word_narrow.mem_reg | User Attribute | 32 x 71              | RAM32M x 12  | 
|inst/i_0/\m01_nodes/m01_ar_node/inst /\inst_mi_handler/gen_normal_area.inst_fifo_node_payld/gen_xpm_memory_fifo.inst_fifo/gen_mem_rep[0].inst_xpm_memory /xpm_memory_base_inst       | gen_wr_a.gen_word_narrow.mem_reg | User Attribute | 32 x 161             | RAM32M x 27  | 
|inst/i_0/\m01_nodes/m01_aw_node/inst /\inst_mi_handler/gen_normal_area.inst_fifo_node_payld/gen_xpm_memory_fifo.inst_fifo/gen_mem_rep[0].inst_xpm_memory /xpm_memory_base_inst       | gen_wr_a.gen_word_narrow.mem_reg | User Attribute | 32 x 161             | RAM32M x 27  | 
|inst/i_0/\m01_nodes/m01_b_node/inst /\inst_mi_handler/gen_normal_area.inst_fifo_node_payld/gen_xpm_memory_fifo.inst_fifo/gen_mem_rep[0].inst_xpm_memory /xpm_memory_base_inst        | gen_wr_a.gen_word_narrow.mem_reg | User Attribute | 32 x 7               | RAM32M x 2   | 
|inst/i_0/\m01_nodes/m01_r_node/inst /\inst_mi_handler/gen_normal_area.inst_fifo_node_payld/gen_xpm_memory_fifo.inst_fifo/gen_mem_rep[0].inst_xpm_memory /xpm_memory_base_inst        | gen_wr_a.gen_word_narrow.mem_reg | User Attribute | 32 x 53              | RAM32M x 9   | 
|inst/i_0/\m01_nodes/m01_w_node/inst /\inst_mi_handler/gen_normal_area.inst_fifo_node_payld/gen_xpm_memory_fifo.inst_fifo/gen_mem_rep[0].inst_xpm_memory /xpm_memory_base_inst        | gen_wr_a.gen_word_narrow.mem_reg | User Attribute | 32 x 71              | RAM32M x 12  | 
|inst/i_0/\s00_nodes/s00_ar_node/inst /\inst_mi_handler/gen_normal_area.gen_fifo_req.inst_fifo_req/gen_xpm_memory_fifo.inst_fifo/gen_mem_rep[0].inst_xpm_memory /xpm_memory_base_inst | gen_wr_a.gen_word_narrow.mem_reg | User Attribute | 32 x 19              | RAM32M x 4   | 
|inst/i_0/\s00_nodes/s00_ar_node/inst /\inst_mi_handler/gen_normal_area.inst_fifo_node_payld/gen_xpm_memory_fifo.inst_fifo/gen_mem_rep[0].inst_xpm_memory /xpm_memory_base_inst       | gen_wr_a.gen_word_narrow.mem_reg | User Attribute | 32 x 143             | RAM32M x 24  | 
|inst/i_0/\s00_nodes/s00_aw_node/inst /\inst_mi_handler/gen_normal_area.gen_fifo_req.inst_fifo_req/gen_xpm_memory_fifo.inst_fifo/gen_mem_rep[0].inst_xpm_memory /xpm_memory_base_inst | gen_wr_a.gen_word_narrow.mem_reg | User Attribute | 32 x 19              | RAM32M x 4   | 
|inst/i_0/\s00_nodes/s00_aw_node/inst /\inst_mi_handler/gen_normal_area.inst_fifo_node_payld/gen_xpm_memory_fifo.inst_fifo/gen_mem_rep[0].inst_xpm_memory /xpm_memory_base_inst       | gen_wr_a.gen_word_narrow.mem_reg | User Attribute | 32 x 143             | RAM32M x 24  | 
|inst/i_0/\s00_nodes/s00_b_node/inst /\inst_mi_handler/gen_normal_area.inst_fifo_node_payld/gen_xpm_memory_fifo.inst_fifo/gen_mem_rep[0].inst_xpm_memory /xpm_memory_base_inst        | gen_wr_a.gen_word_narrow.mem_reg | User Attribute | 32 x 25              | RAM32M x 5   | 
|inst/i_0/\s00_nodes/s00_r_node/inst /\inst_mi_handler/gen_normal_area.inst_fifo_node_payld/gen_xpm_memory_fifo.inst_fifo/gen_mem_rep[0].inst_xpm_memory /xpm_memory_base_inst        | gen_wr_a.gen_word_narrow.mem_reg | User Attribute | 32 x 71              | RAM32M x 12  | 
|inst/i_0/\s00_nodes/s00_w_node/inst /\inst_mi_handler/gen_normal_area.gen_fifo_req.inst_fifo_req/gen_xpm_memory_fifo.inst_fifo/gen_mem_rep[0].inst_xpm_memory /xpm_memory_base_inst  | gen_wr_a.gen_word_narrow.mem_reg | User Attribute | 32 x 19              | RAM32M x 4   | 
|inst/i_0/\s00_nodes/s00_w_node/inst /\inst_mi_handler/gen_normal_area.inst_fifo_node_payld/gen_xpm_memory_fifo.inst_fifo/gen_mem_rep[0].inst_xpm_memory /xpm_memory_base_inst        | gen_wr_a.gen_word_narrow.mem_reg | User Attribute | 32 x 53              | RAM32M x 9   | 
+-------------------------------------------------------------------------------------------------------------------------------------------------------------------------------------+----------------------------------+----------------+----------------------+--------------+

Note: The table above is a preliminary report that shows the Distributed RAMs at the current stage of the synthesis flow. Some Distributed RAMs may be reimplemented as non Distributed RAM primitives later in the synthesis flow. Multiple instantiated RAMs are reported only once.
---------------------------------------------------------------------------------
Finished ROM, RAM, DSP, Shift Register and Retiming Reporting
---------------------------------------------------------------------------------
---------------------------------------------------------------------------------
Start Applying XDC Timing Constraints
---------------------------------------------------------------------------------
---------------------------------------------------------------------------------
Finished Applying XDC Timing Constraints : Time (s): cpu = 00:02:32 ; elapsed = 00:02:32 . Memory (MB): peak = 2742.586 ; gain = 1200.090 ; free physical = 342 ; free virtual = 8474
---------------------------------------------------------------------------------
---------------------------------------------------------------------------------
Start Timing Optimization
---------------------------------------------------------------------------------
---------------------------------------------------------------------------------
Finished Timing Optimization : Time (s): cpu = 00:02:41 ; elapsed = 00:02:42 . Memory (MB): peak = 2742.586 ; gain = 1200.090 ; free physical = 306 ; free virtual = 8445
---------------------------------------------------------------------------------
---------------------------------------------------------------------------------
Start ROM, RAM, DSP, Shift Register and Retiming Reporting
---------------------------------------------------------------------------------

Distributed RAM: Final Mapping Report
+-------------------------------------------------------------------------------------------------------------------------------------------------------------------------------------+----------------------------------+----------------+----------------------+--------------+
|Module Name                                                                                                                                                                          | RTL Object                       | Inference      | Size (Depth x Width) | Primitives   | 
+-------------------------------------------------------------------------------------------------------------------------------------------------------------------------------------+----------------------------------+----------------+----------------------+--------------+
|inst/i_0/\m00_nodes/m00_ar_node/inst /\inst_mi_handler/gen_normal_area.inst_fifo_node_payld/gen_xpm_memory_fifo.inst_fifo/gen_mem_rep[0].inst_xpm_memory /xpm_memory_base_inst       | gen_wr_a.gen_word_narrow.mem_reg | User Attribute | 32 x 161             | RAM32M x 27  | 
|inst/i_0/\m00_nodes/m00_aw_node/inst /\inst_mi_handler/gen_normal_area.inst_fifo_node_payld/gen_xpm_memory_fifo.inst_fifo/gen_mem_rep[0].inst_xpm_memory /xpm_memory_base_inst       | gen_wr_a.gen_word_narrow.mem_reg | User Attribute | 32 x 161             | RAM32M x 27  | 
|inst/i_0/\m00_nodes/m00_b_node/inst /\inst_mi_handler/gen_normal_area.inst_fifo_node_payld/gen_xpm_memory_fifo.inst_fifo/gen_mem_rep[0].inst_xpm_memory /xpm_memory_base_inst        | gen_wr_a.gen_word_narrow.mem_reg | User Attribute | 32 x 7               | RAM32M x 2   | 
|inst/i_0/\m00_nodes/m00_r_node/inst /\inst_mi_handler/gen_normal_area.inst_fifo_node_payld/gen_xpm_memory_fifo.inst_fifo/gen_mem_rep[0].inst_xpm_memory /xpm_memory_base_inst        | gen_wr_a.gen_word_narrow.mem_reg | User Attribute | 32 x 53              | RAM32M x 9   | 
|inst/i_0/\m00_nodes/m00_w_node/inst /\inst_mi_handler/gen_normal_area.inst_fifo_node_payld/gen_xpm_memory_fifo.inst_fifo/gen_mem_rep[0].inst_xpm_memory /xpm_memory_base_inst        | gen_wr_a.gen_word_narrow.mem_reg | User Attribute | 32 x 71              | RAM32M x 12  | 
|inst/i_0/\m01_nodes/m01_ar_node/inst /\inst_mi_handler/gen_normal_area.inst_fifo_node_payld/gen_xpm_memory_fifo.inst_fifo/gen_mem_rep[0].inst_xpm_memory /xpm_memory_base_inst       | gen_wr_a.gen_word_narrow.mem_reg | User Attribute | 32 x 161             | RAM32M x 27  | 
|inst/i_0/\m01_nodes/m01_aw_node/inst /\inst_mi_handler/gen_normal_area.inst_fifo_node_payld/gen_xpm_memory_fifo.inst_fifo/gen_mem_rep[0].inst_xpm_memory /xpm_memory_base_inst       | gen_wr_a.gen_word_narrow.mem_reg | User Attribute | 32 x 161             | RAM32M x 27  | 
|inst/i_0/\m01_nodes/m01_b_node/inst /\inst_mi_handler/gen_normal_area.inst_fifo_node_payld/gen_xpm_memory_fifo.inst_fifo/gen_mem_rep[0].inst_xpm_memory /xpm_memory_base_inst        | gen_wr_a.gen_word_narrow.mem_reg | User Attribute | 32 x 7               | RAM32M x 2   | 
|inst/i_0/\m01_nodes/m01_r_node/inst /\inst_mi_handler/gen_normal_area.inst_fifo_node_payld/gen_xpm_memory_fifo.inst_fifo/gen_mem_rep[0].inst_xpm_memory /xpm_memory_base_inst        | gen_wr_a.gen_word_narrow.mem_reg | User Attribute | 32 x 53              | RAM32M x 9   | 
|inst/i_0/\m01_nodes/m01_w_node/inst /\inst_mi_handler/gen_normal_area.inst_fifo_node_payld/gen_xpm_memory_fifo.inst_fifo/gen_mem_rep[0].inst_xpm_memory /xpm_memory_base_inst        | gen_wr_a.gen_word_narrow.mem_reg | User Attribute | 32 x 71              | RAM32M x 12  | 
|inst/i_0/\s00_nodes/s00_ar_node/inst /\inst_mi_handler/gen_normal_area.gen_fifo_req.inst_fifo_req/gen_xpm_memory_fifo.inst_fifo/gen_mem_rep[0].inst_xpm_memory /xpm_memory_base_inst | gen_wr_a.gen_word_narrow.mem_reg | User Attribute | 32 x 19              | RAM32M x 4   | 
|inst/i_0/\s00_nodes/s00_ar_node/inst /\inst_mi_handler/gen_normal_area.inst_fifo_node_payld/gen_xpm_memory_fifo.inst_fifo/gen_mem_rep[0].inst_xpm_memory /xpm_memory_base_inst       | gen_wr_a.gen_word_narrow.mem_reg | User Attribute | 32 x 143             | RAM32M x 24  | 
|inst/i_0/\s00_nodes/s00_aw_node/inst /\inst_mi_handler/gen_normal_area.gen_fifo_req.inst_fifo_req/gen_xpm_memory_fifo.inst_fifo/gen_mem_rep[0].inst_xpm_memory /xpm_memory_base_inst | gen_wr_a.gen_word_narrow.mem_reg | User Attribute | 32 x 19              | RAM32M x 4   | 
|inst/i_0/\s00_nodes/s00_aw_node/inst /\inst_mi_handler/gen_normal_area.inst_fifo_node_payld/gen_xpm_memory_fifo.inst_fifo/gen_mem_rep[0].inst_xpm_memory /xpm_memory_base_inst       | gen_wr_a.gen_word_narrow.mem_reg | User Attribute | 32 x 143             | RAM32M x 24  | 
|inst/i_0/\s00_nodes/s00_b_node/inst /\inst_mi_handler/gen_normal_area.inst_fifo_node_payld/gen_xpm_memory_fifo.inst_fifo/gen_mem_rep[0].inst_xpm_memory /xpm_memory_base_inst        | gen_wr_a.gen_word_narrow.mem_reg | User Attribute | 32 x 25              | RAM32M x 5   | 
|inst/i_0/\s00_nodes/s00_r_node/inst /\inst_mi_handler/gen_normal_area.inst_fifo_node_payld/gen_xpm_memory_fifo.inst_fifo/gen_mem_rep[0].inst_xpm_memory /xpm_memory_base_inst        | gen_wr_a.gen_word_narrow.mem_reg | User Attribute | 32 x 71              | RAM32M x 12  | 
|inst/i_0/\s00_nodes/s00_w_node/inst /\inst_mi_handler/gen_normal_area.gen_fifo_req.inst_fifo_req/gen_xpm_memory_fifo.inst_fifo/gen_mem_rep[0].inst_xpm_memory /xpm_memory_base_inst  | gen_wr_a.gen_word_narrow.mem_reg | User Attribute | 32 x 19              | RAM32M x 4   | 
|inst/i_0/\s00_nodes/s00_w_node/inst /\inst_mi_handler/gen_normal_area.inst_fifo_node_payld/gen_xpm_memory_fifo.inst_fifo/gen_mem_rep[0].inst_xpm_memory /xpm_memory_base_inst        | gen_wr_a.gen_word_narrow.mem_reg | User Attribute | 32 x 53              | RAM32M x 9   | 
+-------------------------------------------------------------------------------------------------------------------------------------------------------------------------------------+----------------------------------+----------------+----------------------+--------------+

---------------------------------------------------------------------------------
Finished ROM, RAM, DSP, Shift Register and Retiming Reporting
---------------------------------------------------------------------------------
---------------------------------------------------------------------------------
Start Technology Mapping
---------------------------------------------------------------------------------
---------------------------------------------------------------------------------
Finished Technology Mapping : Time (s): cpu = 00:02:48 ; elapsed = 00:02:49 . Memory (MB): peak = 2742.586 ; gain = 1200.090 ; free physical = 1873 ; free virtual = 9991
---------------------------------------------------------------------------------
---------------------------------------------------------------------------------
Start IO Insertion
---------------------------------------------------------------------------------
---------------------------------------------------------------------------------
Start Flattening Before IO Insertion
---------------------------------------------------------------------------------
---------------------------------------------------------------------------------
Finished Flattening Before IO Insertion
---------------------------------------------------------------------------------
---------------------------------------------------------------------------------
Start Final Netlist Cleanup
---------------------------------------------------------------------------------
---------------------------------------------------------------------------------
Finished Final Netlist Cleanup
---------------------------------------------------------------------------------
---------------------------------------------------------------------------------
Finished IO Insertion : Time (s): cpu = 00:02:53 ; elapsed = 00:02:55 . Memory (MB): peak = 2742.586 ; gain = 1200.090 ; free physical = 1553 ; free virtual = 9665
---------------------------------------------------------------------------------
---------------------------------------------------------------------------------
Start Renaming Generated Instances
---------------------------------------------------------------------------------
---------------------------------------------------------------------------------
Finished Renaming Generated Instances : Time (s): cpu = 00:02:54 ; elapsed = 00:02:55 . Memory (MB): peak = 2742.586 ; gain = 1200.090 ; free physical = 1553 ; free virtual = 9665
---------------------------------------------------------------------------------
---------------------------------------------------------------------------------
Start Rebuilding User Hierarchy
---------------------------------------------------------------------------------
---------------------------------------------------------------------------------
Finished Rebuilding User Hierarchy : Time (s): cpu = 00:02:55 ; elapsed = 00:02:56 . Memory (MB): peak = 2742.586 ; gain = 1200.090 ; free physical = 1558 ; free virtual = 9671
---------------------------------------------------------------------------------
---------------------------------------------------------------------------------
Start Renaming Generated Ports
---------------------------------------------------------------------------------
---------------------------------------------------------------------------------
Finished Renaming Generated Ports : Time (s): cpu = 00:02:55 ; elapsed = 00:02:56 . Memory (MB): peak = 2742.586 ; gain = 1200.090 ; free physical = 1558 ; free virtual = 9671
---------------------------------------------------------------------------------
---------------------------------------------------------------------------------
Start Handling Custom Attributes
---------------------------------------------------------------------------------
---------------------------------------------------------------------------------
Finished Handling Custom Attributes : Time (s): cpu = 00:02:55 ; elapsed = 00:02:56 . Memory (MB): peak = 2742.586 ; gain = 1200.090 ; free physical = 1559 ; free virtual = 9673
---------------------------------------------------------------------------------
---------------------------------------------------------------------------------
Start Renaming Generated Nets
---------------------------------------------------------------------------------
---------------------------------------------------------------------------------
Finished Renaming Generated Nets : Time (s): cpu = 00:02:55 ; elapsed = 00:02:57 . Memory (MB): peak = 2742.586 ; gain = 1200.090 ; free physical = 1559 ; free virtual = 9673
---------------------------------------------------------------------------------
---------------------------------------------------------------------------------
Start ROM, RAM, DSP, Shift Register and Retiming Reporting
---------------------------------------------------------------------------------

Dynamic Shift Register Report:
+------------+---------------+--------+------------+--------+---------+--------+--------+--------+
|Module Name | RTL Name      | Length | Data Width | SRL16E | SRLC32E | Mux F7 | Mux F8 | Mux F9 | 
+------------+---------------+--------+------------+--------+---------+--------+--------+--------+
|dsrl        | shift_reg_reg | 16     | 1          | 1      | 0       | 0      | 0      | 0      | 
|dsrl__1     | shift_reg_reg | 32     | 1          | 0      | 1       | 0      | 0      | 0      | 
|dsrl__2     | shift_reg_reg | 4      | 1          | 1      | 0       | 0      | 0      | 0      | 
+------------+---------------+--------+------------+--------+---------+--------+--------+--------+

---------------------------------------------------------------------------------
Finished ROM, RAM, DSP, Shift Register and Retiming Reporting
---------------------------------------------------------------------------------
---------------------------------------------------------------------------------
Start Writing Synthesis Report
---------------------------------------------------------------------------------

Report BlackBoxes: 
+-+--------------+----------+
| |BlackBox name |Instances |
+-+--------------+----------+
+-+--------------+----------+

Report Cell Usage: 
+------+---------+------+
|      |Cell     |Count |
+------+---------+------+
|1     |CARRY4   |    21|
|2     |LUT1     |   228|
|3     |LUT2     |   296|
|4     |LUT3     |  1056|
|5     |LUT4     |   781|
|6     |LUT5     |   784|
|7     |LUT6     |  1416|
|8     |RAM32M   |   100|
|9     |RAM32X1D |     2|
|10    |SRL16    |     1|
|11    |SRL16E   |   188|
|12    |SRLC32E  |   182|
|13    |FDCE     |   105|
|14    |FDR      |     4|
|15    |FDRE     |  4560|
|16    |FDSE     |   254|
+------+---------+------+
---------------------------------------------------------------------------------
Finished Writing Synthesis Report : Time (s): cpu = 00:02:55 ; elapsed = 00:02:57 . Memory (MB): peak = 2742.586 ; gain = 1200.090 ; free physical = 1559 ; free virtual = 9673
---------------------------------------------------------------------------------
Synthesis finished with 0 errors, 0 critical warnings and 4639 warnings.
Synthesis Optimization Runtime : Time (s): cpu = 00:02:28 ; elapsed = 00:02:32 . Memory (MB): peak = 2742.586 ; gain = 662.645 ; free physical = 1559 ; free virtual = 9673
Synthesis Optimization Complete : Time (s): cpu = 00:02:55 ; elapsed = 00:02:57 . Memory (MB): peak = 2742.594 ; gain = 1200.090 ; free physical = 1559 ; free virtual = 9673
INFO: [Project 1-571] Translating synthesized netlist
Netlist sorting complete. Time (s): cpu = 00:00:00.25 ; elapsed = 00:00:00.26 . Memory (MB): peak = 2742.594 ; gain = 0.000 ; free physical = 1728 ; free virtual = 9842
INFO: [Netlist 29-17] Analyzing 128 Unisim elements for replacement
INFO: [Netlist 29-28] Unisim Transformation completed in 0 CPU seconds
INFO: [Project 1-570] Preparing netlist for logic optimization
INFO: [Opt 31-138] Pushed 0 inverter(s) to 0 load pin(s).
Netlist sorting complete. Time (s): cpu = 00:00:00.01 ; elapsed = 00:00:00.01 . Memory (MB): peak = 2766.598 ; gain = 0.000 ; free physical = 1626 ; free virtual = 9741
INFO: [Project 1-111] Unisim Transformation Summary:
  A total of 107 instances were transformed.
  FDR => FDRE: 4 instances
  RAM32M => RAM32M (RAMD32(x6), RAMS32(x2)): 100 instances
  RAM32X1D => RAM32X1D (RAMD32(x2)): 2 instances
  SRL16 => SRL16E: 1 instance 

Synth Design complete | Checksum: bdfd73ee
INFO: [Common 17-83] Releasing license: Synthesis
209 Infos, 114 Warnings, 0 Critical Warnings and 0 Errors encountered.
synth_design completed successfully
synth_design: Time (s): cpu = 00:03:09 ; elapsed = 00:03:06 . Memory (MB): peak = 2766.598 ; gain = 1403.012 ; free physical = 1604 ; free virtual = 9718
INFO: [Common 17-2834] synth_design peak Physical Memory [PSS] (MB): overall = 2138.188; main = 1882.353; forked = 255.836
INFO: [Common 17-2834] synth_design peak Virtual Memory [VSS] (MB): overall = 3659.578; main = 2766.602; forked = 916.988
Write ShapeDB Complete: Time (s): cpu = 00:00:00.06 ; elapsed = 00:00:00.02 . Memory (MB): peak = 2790.609 ; gain = 0.000 ; free physical = 1589 ; free virtual = 9704
INFO: [Common 17-1381] The checkpoint '/home/carbon/kambadur/Projects/Vivado/zynq_cdma/zynq_cdma.runs/design_1_axi_smc_0_synth_1/design_1_axi_smc_0.dcp' has been generated.
INFO: [Coretcl 2-1648] Added synthesis output to IP cache for IP design_1_axi_smc_0, cache-ID = 19e76ccc7d9c8d30
INFO: [Coretcl 2-1174] Renamed 788 cell refs.
Write ShapeDB Complete: Time (s): cpu = 00:00:00.06 ; elapsed = 00:00:00.03 . Memory (MB): peak = 2790.609 ; gain = 0.000 ; free physical = 957 ; free virtual = 9092
INFO: [Common 17-1381] The checkpoint '/home/carbon/kambadur/Projects/Vivado/zynq_cdma/zynq_cdma.runs/design_1_axi_smc_0_synth_1/design_1_axi_smc_0.dcp' has been generated.
INFO: [Vivado 12-24828] Executing command : report_utilization -file design_1_axi_smc_0_utilization_synth.rpt -pb design_1_axi_smc_0_utilization_synth.pb
INFO: [Common 17-206] Exiting Vivado at Tue Jul  8 18:31:52 2025...
ERROR: ld.so: object '/tools/Xilinx/Vivado/2024.2/lib/lnx64.o/Ubuntu/libgmp.so.10' from LD_PRELOAD cannot be preloaded (cannot open shared object file): ignored.
