Copyright 1986-2022 Xilinx, Inc. All Rights Reserved. Copyright 2022-2024 Advanced Micro Devices, Inc. All Rights Reserved.
---------------------------------------------------------------------------------------------------------------------------------------------
| Tool Version : Vivado v.2024.2 (lin64) Build 5239630 Fri Nov 08 22:34:34 MST 2024
| Date         : Wed Jan 29 17:35:44 2025
| Host         : carbon running 64-bit Ubuntu 24.04.1 LTS
| Command      : report_control_sets -verbose -file design_1_wrapper_control_sets_placed.rpt
| Design       : design_1_wrapper
| Device       : xc7z020
---------------------------------------------------------------------------------------------------------------------------------------------

Control Set Information

Table of Contents
-----------------
1. Summary
2. Histogram
3. Flip-Flop Distribution
4. Detailed Control Set Information

1. Summary
----------

+----------------------------------------------------------+-------+
|                          Status                          | Count |
+----------------------------------------------------------+-------+
| Total control sets                                       |   227 |
|    Minimum number of control sets                        |   227 |
|    Addition due to synthesis replication                 |     0 |
|    Addition due to physical synthesis replication        |     0 |
| Unused register locations in slices containing registers |   815 |
+----------------------------------------------------------+-------+
* Control sets can be merged at opt_design using control_set_merge or merge_equivalent_drivers
** Run report_qor_suggestions for automated merging and remapping suggestions


2. Histogram
------------

+--------------------+-------+
|       Fanout       | Count |
+--------------------+-------+
| Total control sets |   227 |
| >= 0 to < 4        |    42 |
| >= 4 to < 6        |    47 |
| >= 6 to < 8        |     9 |
| >= 8 to < 10       |    36 |
| >= 10 to < 12      |     8 |
| >= 12 to < 14      |    28 |
| >= 14 to < 16      |     0 |
| >= 16              |    57 |
+--------------------+-------+
* Control sets can be remapped at either synth_design or opt_design


3. Flip-Flop Distribution
-------------------------

+--------------+-----------------------+------------------------+-----------------+--------------+
| Clock Enable | Synchronous Set/Reset | Asynchronous Set/Reset | Total Registers | Total Slices |
+--------------+-----------------------+------------------------+-----------------+--------------+
| No           | No                    | No                     |             207 |          104 |
| No           | No                    | Yes                    |              54 |           18 |
| No           | Yes                   | No                     |             248 |          146 |
| Yes          | No                    | No                     |            1006 |          296 |
| Yes          | No                    | Yes                    |               0 |            0 |
| Yes          | Yes                   | No                     |             966 |          317 |
+--------------+-----------------------+------------------------+-----------------+--------------+


4. Detailed Control Set Information
-----------------------------------

+-------------------------------------------------+---------------------------------------------------------------------------------------------------------------------------------------------------------------------------------------------------------+------------------------------------------------------------------------------------------------------------------------------------------------------------------------------------------+------------------+----------------+--------------+
|                   Clock Signal                  |                                                                                              Enable Signal                                                                                              |                                                                                     Set/Reset Signal                                                                                     | Slice Load Count | Bel Load Count | Bels / Slice |
+-------------------------------------------------+---------------------------------------------------------------------------------------------------------------------------------------------------------------------------------------------------------+------------------------------------------------------------------------------------------------------------------------------------------------------------------------------------------+------------------+----------------+--------------+
|  design_1_i/processing_system7_0/inst/FCLK_CLK0 |                                                                                                                                                                                                         | design_1_i/axi_smc/inst/s00_nodes/s00_r_node/inst/mi_handler_m_sc_areset                                                                                                                 |                1 |              1 |         1.00 |
|  design_1_i/processing_system7_0/inst/FCLK_CLK0 |                                                                                                                                                                                                         | design_1_i/axi_smc/inst/s00_nodes/s00_w_node/inst/mi_handler_m_sc_areset                                                                                                                 |                1 |              1 |         1.00 |
|  design_1_i/processing_system7_0/inst/FCLK_CLK0 |                                                                                                                                                                                                         | design_1_i/axi_smc_1/inst/s00_nodes/s00_ar_node/inst/mi_handler_m_sc_areset                                                                                                              |                1 |              1 |         1.00 |
|  design_1_i/processing_system7_0/inst/FCLK_CLK0 |                                                                                                                                                                                                         | design_1_i/axi_smc_1/inst/s00_nodes/s00_ar_node/inst/s_sc_areset_pipe                                                                                                                    |                1 |              1 |         1.00 |
|  design_1_i/processing_system7_0/inst/FCLK_CLK0 |                                                                                                                                                                                                         | design_1_i/axi_smc/inst/s00_nodes/s00_w_node/inst/s_sc_areset_pipe                                                                                                                       |                1 |              1 |         1.00 |
|  design_1_i/processing_system7_0/inst/FCLK_CLK0 |                                                                                                                                                                                                         | design_1_i/axi_smc_1/inst/s00_nodes/s00_aw_node/inst/mi_handler_m_sc_areset                                                                                                              |                1 |              1 |         1.00 |
|  design_1_i/processing_system7_0/inst/FCLK_CLK0 |                                                                                                                                                                                                         | design_1_i/axi_smc_1/inst/s00_nodes/s00_aw_node/inst/s_sc_areset_pipe                                                                                                                    |                1 |              1 |         1.00 |
|  design_1_i/processing_system7_0/inst/FCLK_CLK0 |                                                                                                                                                                                                         | design_1_i/axi_smc_1/inst/s00_nodes/s00_w_node/inst/mi_handler_m_sc_areset                                                                                                               |                1 |              1 |         1.00 |
|  design_1_i/processing_system7_0/inst/FCLK_CLK0 |                                                                                                                                                                                                         | design_1_i/axi_smc_1/inst/s00_nodes/s00_w_node/inst/s_sc_areset_pipe                                                                                                                     |                1 |              1 |         1.00 |
|  design_1_i/processing_system7_0/inst/FCLK_CLK0 |                                                                                                                                                                                                         | design_1_i/axi_smc/inst/s00_nodes/s00_b_node/inst/s_sc_areset_pipe                                                                                                                       |                1 |              1 |         1.00 |
|  design_1_i/processing_system7_0/inst/FCLK_CLK0 |                                                                                                                                                                                                         | design_1_i/axi_smc/inst/s00_nodes/s00_b_node/inst/mi_handler_m_sc_areset                                                                                                                 |                1 |              1 |         1.00 |
|  design_1_i/processing_system7_0/inst/FCLK_CLK0 |                                                                                                                                                                                                         | design_1_i/axi_smc/inst/s00_nodes/s00_aw_node/inst/s_sc_areset_pipe                                                                                                                      |                1 |              1 |         1.00 |
|  design_1_i/processing_system7_0/inst/FCLK_CLK0 |                                                                                                                                                                                                         | design_1_i/axi_smc/inst/s00_nodes/s00_aw_node/inst/mi_handler_m_sc_areset                                                                                                                |                1 |              1 |         1.00 |
|  design_1_i/processing_system7_0/inst/FCLK_CLK0 |                                                                                                                                                                                                         | design_1_i/axi_smc_1/inst/s00_nodes/s00_b_node/inst/mi_handler_m_sc_areset                                                                                                               |                1 |              1 |         1.00 |
|  design_1_i/processing_system7_0/inst/FCLK_CLK0 |                                                                                                                                                                                                         | design_1_i/axi_smc/inst/s00_nodes/s00_ar_node/inst/s_sc_areset_pipe                                                                                                                      |                1 |              1 |         1.00 |
|  design_1_i/processing_system7_0/inst/FCLK_CLK0 |                                                                                                                                                                                                         | design_1_i/axi_smc/inst/s00_nodes/s00_ar_node/inst/mi_handler_m_sc_areset                                                                                                                |                1 |              1 |         1.00 |
|  design_1_i/processing_system7_0/inst/FCLK_CLK0 |                                                                                                                                                                                                         | design_1_i/axi_smc_1/inst/s00_nodes/s00_b_node/inst/s_sc_areset_pipe                                                                                                                     |                1 |              1 |         1.00 |
|  design_1_i/processing_system7_0/inst/FCLK_CLK0 | design_1_i/axi_smc_1/inst/m00_exit_pipeline/m00_exit/inst/exit_inst/gen_w_cmd_fifo.w_cmd_fifo/gen_srls[1].srl_nx1/shift                                                                                 |                                                                                                                                                                                          |                1 |              1 |         1.00 |
|  design_1_i/processing_system7_0/inst/FCLK_CLK0 |                                                                                                                                                                                                         | design_1_i/axi_smc/inst/s00_nodes/s00_r_node/inst/s_sc_areset_pipe                                                                                                                       |                1 |              1 |         1.00 |
|  design_1_i/processing_system7_0/inst/FCLK_CLK0 |                                                                                                                                                                                                         | design_1_i/axi_smc_1/inst/s00_nodes/s00_r_node/inst/mi_handler_m_sc_areset                                                                                                               |                1 |              1 |         1.00 |
|  design_1_i/processing_system7_0/inst/FCLK_CLK0 |                                                                                                                                                                                                         | design_1_i/axi_smc_1/inst/s00_nodes/s00_r_node/inst/s_sc_areset_pipe                                                                                                                     |                1 |              1 |         1.00 |
|  design_1_i/processing_system7_0/inst/FCLK_CLK0 | design_1_i/axi_smc/inst/m00_exit_pipeline/m00_exit/inst/exit_inst/gen_w_cmd_fifo.w_cmd_fifo/gen_srls[1].srl_nx1/shift                                                                                   |                                                                                                                                                                                          |                1 |              1 |         1.00 |
|  design_1_i/processing_system7_0/inst/FCLK_CLK0 |                                                                                                                                                                                                         | design_1_i/axi_smc_1/inst/s00_nodes/s00_b_node/inst/s_sc_xpm_cdc_async_rst_inst/reset_pol                                                                                                |                1 |              3 |         3.00 |
|  design_1_i/processing_system7_0/inst/FCLK_CLK0 |                                                                                                                                                                                                         | design_1_i/axi_smc_1/inst/s00_nodes/s00_r_node/inst/s_sc_xpm_cdc_async_rst_inst/reset_pol                                                                                                |                1 |              3 |         3.00 |
|  design_1_i/processing_system7_0/inst/FCLK_CLK0 |                                                                                                                                                                                                         | design_1_i/axi_smc_1/inst/s00_nodes/s00_aw_node/inst/s_sc_xpm_cdc_async_rst_inst/reset_pol                                                                                               |                1 |              3 |         3.00 |
|  design_1_i/processing_system7_0/inst/FCLK_CLK0 |                                                                                                                                                                                                         | design_1_i/axi_smc/inst/s00_nodes/s00_r_node/inst/s_sc_xpm_cdc_async_rst_inst/reset_pol                                                                                                  |                1 |              3 |         3.00 |
|  design_1_i/processing_system7_0/inst/FCLK_CLK0 |                                                                                                                                                                                                         | design_1_i/axi_smc_1/inst/s00_nodes/s00_w_node/inst/s_sc_xpm_cdc_async_rst_inst/reset_pol                                                                                                |                1 |              3 |         3.00 |
|  design_1_i/processing_system7_0/inst/FCLK_CLK0 |                                                                                                                                                                                                         | design_1_i/axi_smc_1/inst/s00_nodes/s00_ar_node/inst/s_sc_xpm_cdc_async_rst_inst/reset_pol                                                                                               |                1 |              3 |         3.00 |
|  design_1_i/processing_system7_0/inst/FCLK_CLK0 |                                                                                                                                                                                                         | design_1_i/axi_smc/inst/s00_nodes/s00_w_node/inst/s_sc_xpm_cdc_async_rst_inst/reset_pol                                                                                                  |                1 |              3 |         3.00 |
|  design_1_i/processing_system7_0/inst/FCLK_CLK0 |                                                                                                                                                                                                         | design_1_i/axi_smc/inst/m00_exit_pipeline/m00_exit/inst/xpm_cdc_async_rst_inst/reset_pol                                                                                                 |                1 |              3 |         3.00 |
|  design_1_i/processing_system7_0/inst/FCLK_CLK0 |                                                                                                                                                                                                         | design_1_i/axi_smc_1/inst/m00_exit_pipeline/m00_exit/inst/xpm_cdc_async_rst_inst/reset_pol                                                                                               |                1 |              3 |         3.00 |
|  design_1_i/processing_system7_0/inst/FCLK_CLK0 |                                                                                                                                                                                                         | design_1_i/axi_smc/inst/s00_entry_pipeline/s00_si_converter/inst/xpm_cdc_async_rst_inst/reset_pol                                                                                        |                1 |              3 |         3.00 |
|  design_1_i/processing_system7_0/inst/FCLK_CLK0 |                                                                                                                                                                                                         | design_1_i/axi_smc/inst/s00_nodes/s00_b_node/inst/s_sc_xpm_cdc_async_rst_inst/reset_pol                                                                                                  |                1 |              3 |         3.00 |
|  design_1_i/processing_system7_0/inst/FCLK_CLK0 |                                                                                                                                                                                                         | design_1_i/axi_smc/inst/s00_entry_pipeline/s00_transaction_regulator/inst/xpm_cdc_async_rst_inst/reset_pol                                                                               |                1 |              3 |         3.00 |
|  design_1_i/processing_system7_0/inst/FCLK_CLK0 |                                                                                                                                                                                                         | design_1_i/axi_smc/inst/s00_nodes/s00_ar_node/inst/s_sc_xpm_cdc_async_rst_inst/reset_pol                                                                                                 |                1 |              3 |         3.00 |
|  design_1_i/processing_system7_0/inst/FCLK_CLK0 |                                                                                                                                                                                                         | design_1_i/axi_smc/inst/s00_nodes/s00_aw_node/inst/s_sc_xpm_cdc_async_rst_inst/reset_pol                                                                                                 |                1 |              3 |         3.00 |
|  design_1_i/processing_system7_0/inst/FCLK_CLK0 | design_1_i/axi_smc_1/inst/s00_entry_pipeline/s00_si_converter/inst/gen_normal.splitter_inst/gen_no_wsplitter.gen_endpoint_woffset.gen_wbypass_offset_fifo.wbypass_offset_fifo/gen_srls[6].srl_nx1/shift |                                                                                                                                                                                          |                1 |              3 |         3.00 |
|  design_1_i/processing_system7_0/inst/FCLK_CLK0 |                                                                                                                                                                                                         | design_1_i/axi_smc_1/inst/s00_entry_pipeline/s00_si_converter/inst/xpm_cdc_async_rst_inst/reset_pol                                                                                      |                1 |              3 |         3.00 |
|  design_1_i/processing_system7_0/inst/FCLK_CLK0 | design_1_i/axi_smc/inst/s00_entry_pipeline/s00_si_converter/inst/gen_normal.splitter_inst/gen_no_wsplitter.gen_endpoint_woffset.gen_wbypass_offset_fifo.wbypass_offset_fifo/gen_srls[6].srl_nx1/shift   |                                                                                                                                                                                          |                1 |              3 |         3.00 |
|  design_1_i/processing_system7_0/inst/FCLK_CLK0 |                                                                                                                                                                                                         | design_1_i/axi_smc/inst/s00_entry_pipeline/s00_mmu/inst/xpm_cdc_async_rst_inst/reset_pol                                                                                                 |                1 |              3 |         3.00 |
|  design_1_i/processing_system7_0/inst/FCLK_CLK0 |                                                                                                                                                                                                         | design_1_i/axi_smc_1/inst/s00_entry_pipeline/s00_mmu/inst/xpm_cdc_async_rst_inst/reset_pol                                                                                               |                1 |              3 |         3.00 |
|  design_1_i/processing_system7_0/inst/FCLK_CLK0 |                                                                                                                                                                                                         | design_1_i/axi_smc_1/inst/s00_entry_pipeline/s00_transaction_regulator/inst/xpm_cdc_async_rst_inst/reset_pol                                                                             |                1 |              3 |         3.00 |
|  design_1_i/processing_system7_0/inst/FCLK_CLK0 | design_1_i/axi_smc/inst/s00_entry_pipeline/s00_transaction_regulator/inst/gen_endpoint.gen_r_singleorder.r_singleorder/gen_id_fifo.singleorder_fifo/fifoaddr[3]_i_1__0_n_0                              | design_1_i/axi_smc/inst/s00_entry_pipeline/s00_transaction_regulator/inst/areset                                                                                                         |                1 |              4 |         4.00 |
|  design_1_i/processing_system7_0/inst/FCLK_CLK0 | design_1_i/axi_smc_1/inst/s00_entry_pipeline/s00_si_converter/inst/converter.wrap_narrow_inst/gen_thread_loop[0].r_payld_fifo/cmd_fifo/fifoaddr[3]_i_1__2_n_0                                           | design_1_i/axi_smc_1/inst/s00_entry_pipeline/s00_si_converter/inst/areset                                                                                                                |                1 |              4 |         4.00 |
|  design_1_i/processing_system7_0/inst/FCLK_CLK0 | design_1_i/axi_smc/inst/s00_entry_pipeline/s00_transaction_regulator/inst/gen_endpoint.gen_w_singleorder.w_singleorder/gen_id_fifo.singleorder_fifo/fifoaddr[3]_i_1_n_0                                 | design_1_i/axi_smc/inst/s00_entry_pipeline/s00_transaction_regulator/inst/areset                                                                                                         |                1 |              4 |         4.00 |
|  design_1_i/processing_system7_0/inst/FCLK_CLK0 | design_1_i/axi_smc_1/inst/m00_exit_pipeline/m00_exit/inst/exit_inst/gen_r_cmd_fifo.r_cmd_fifo/fifoaddr[3]_i_1_n_0                                                                                       | design_1_i/axi_smc_1/inst/m00_exit_pipeline/m00_exit/inst/areset                                                                                                                         |                1 |              4 |         4.00 |
|  design_1_i/processing_system7_0/inst/FCLK_CLK0 | design_1_i/axi_smc/inst/s00_entry_pipeline/s00_si_converter/inst/converter.wrap_narrow_inst/w_payld_fifo/cmd_fifo/fifoaddr[3]_i_1__0_n_0                                                                | design_1_i/axi_smc/inst/s00_entry_pipeline/s00_si_converter/inst/areset                                                                                                                  |                1 |              4 |         4.00 |
|  design_1_i/processing_system7_0/inst/FCLK_CLK0 | design_1_i/axi_smc_1/inst/s00_entry_pipeline/s00_si_converter/inst/converter.wrap_narrow_inst/ar_reg_slice/E[0]                                                                                         | design_1_i/axi_smc_1/inst/s00_entry_pipeline/s00_si_converter/inst/areset                                                                                                                |                2 |              4 |         2.00 |
|  design_1_i/processing_system7_0/inst/FCLK_CLK0 | design_1_i/axi_smc_1/inst/s00_entry_pipeline/s00_transaction_regulator/inst/gen_endpoint.gen_r_singleorder.r_singleorder/gen_id_fifo.singleorder_fifo/fifoaddr[3]_i_1__0_n_0                            | design_1_i/axi_smc_1/inst/s00_entry_pipeline/s00_transaction_regulator/inst/areset                                                                                                       |                1 |              4 |         4.00 |
|  design_1_i/processing_system7_0/inst/FCLK_CLK0 | design_1_i/axi_smc/inst/s00_entry_pipeline/s00_si_converter/inst/gen_normal.splitter_inst/gen_no_wsplitter.gen_endpoint_woffset.gen_wbypass_offset_fifo.wbypass_offset_fifo/fifoaddr[3]_i_1_n_0         | design_1_i/axi_smc/inst/s00_entry_pipeline/s00_si_converter/inst/areset                                                                                                                  |                1 |              4 |         4.00 |
|  design_1_i/processing_system7_0/inst/FCLK_CLK0 | design_1_i/axi_smc/inst/s00_entry_pipeline/s00_si_converter/inst/converter.wrap_narrow_inst/w_payld_fifo/w_payld_push_d0                                                                                | design_1_i/axi_smc/inst/s00_entry_pipeline/s00_si_converter/inst/areset                                                                                                                  |                2 |              4 |         2.00 |
|  design_1_i/processing_system7_0/inst/FCLK_CLK0 | design_1_i/axi_smc_1/inst/m00_exit_pipeline/m00_exit/inst/exit_inst/gen_r_cmd_fifo.r_cmd_fifo/gen_srls[15].srl_nx1/shift                                                                                |                                                                                                                                                                                          |                1 |              4 |         4.00 |
|  design_1_i/processing_system7_0/inst/FCLK_CLK0 | design_1_i/axi_smc_1/inst/s00_entry_pipeline/s00_transaction_regulator/inst/gen_endpoint.gen_w_singleorder.w_singleorder/gen_id_fifo.singleorder_fifo/fifoaddr[3]_i_1_n_0                               | design_1_i/axi_smc_1/inst/s00_entry_pipeline/s00_transaction_regulator/inst/areset                                                                                                       |                1 |              4 |         4.00 |
|  design_1_i/processing_system7_0/inst/FCLK_CLK0 | design_1_i/axi_smc/inst/s00_entry_pipeline/s00_si_converter/inst/converter.wrap_narrow_inst/w_payld_fifo/cmd_fifo/E[0]                                                                                  |                                                                                                                                                                                          |                3 |              4 |         1.33 |
|  design_1_i/processing_system7_0/inst/FCLK_CLK0 |                                                                                                                                                                                                         | design_1_i/axi_smc/inst/clk_map/psr_aclk/U0/EXT_LPF/lpf_int                                                                                                                              |                1 |              4 |         4.00 |
|  design_1_i/processing_system7_0/inst/FCLK_CLK0 | design_1_i/axi_smc_1/inst/s00_entry_pipeline/s00_si_converter/inst/converter.wrap_narrow_inst/gen_thread_loop[0].r_payld_fifo/cmd_fifo/E[0]                                                             |                                                                                                                                                                                          |                1 |              4 |         4.00 |
|  design_1_i/processing_system7_0/inst/FCLK_CLK0 | design_1_i/axi_smc_1/inst/m00_exit_pipeline/m00_exit/inst/exit_inst/gen_r_cmd_fifo.r_cmd_fifo/gen_pipelined.load_mesg                                                                                   |                                                                                                                                                                                          |                1 |              4 |         4.00 |
|  design_1_i/processing_system7_0/inst/FCLK_CLK0 | design_1_i/axi_smc/inst/s00_entry_pipeline/s00_si_converter/inst/converter.wrap_narrow_inst/gen_thread_loop[0].r_payld_fifo/cmd_fifo/E[0]                                                               |                                                                                                                                                                                          |                1 |              4 |         4.00 |
|  design_1_i/processing_system7_0/inst/FCLK_CLK0 | design_1_i/axi_smc_1/inst/s00_entry_pipeline/s00_si_converter/inst/converter.wrap_narrow_inst/gen_thread_loop[0].r_cmd_fifo/fifoaddr[3]_i_1__3_n_0                                                      | design_1_i/axi_smc_1/inst/s00_entry_pipeline/s00_si_converter/inst/areset                                                                                                                |                1 |              4 |         4.00 |
|  design_1_i/processing_system7_0/inst/FCLK_CLK0 | design_1_i/axi_smc/inst/s00_entry_pipeline/s00_si_converter/inst/converter.wrap_narrow_inst/gen_thread_loop[0].r_payld_fifo/cmd_fifo/fifoaddr[3]_i_1__2_n_0                                             | design_1_i/axi_smc/inst/s00_entry_pipeline/s00_si_converter/inst/areset                                                                                                                  |                1 |              4 |         4.00 |
|  design_1_i/processing_system7_0/inst/FCLK_CLK0 | design_1_i/axi_bram_ctrl_0/U0/gext_inst.abcv4_0_ext_inst/GEN_AXI4.I_FULL_AXI/I_RD_CHNL/FSM_sequential_GEN_NO_RD_CMD_OPT.rd_data_sm_cs[3]_i_1_n_0                                                        | design_1_i/axi_bram_ctrl_0/U0/gext_inst.abcv4_0_ext_inst/GEN_AXI4.I_FULL_AXI/I_RD_CHNL/GEN_NO_RD_CMD_OPT.I_WRAP_BRST/SR[0]                                                               |                4 |              4 |         1.00 |
|  design_1_i/processing_system7_0/inst/FCLK_CLK0 | design_1_i/axi_smc_1/inst/s00_entry_pipeline/s00_si_converter/inst/converter.wrap_narrow_inst/w_cmd_fifo/fifoaddr[3]_i_1__5_n_0                                                                         | design_1_i/axi_smc_1/inst/s00_entry_pipeline/s00_si_converter/inst/areset                                                                                                                |                1 |              4 |         4.00 |
|  design_1_i/processing_system7_0/inst/FCLK_CLK0 | design_1_i/axi_smc_1/inst/s00_entry_pipeline/s00_si_converter/inst/converter.wrap_narrow_inst/w_payld_fifo/cmd_fifo/fifoaddr[3]_i_1__0_n_0                                                              | design_1_i/axi_smc_1/inst/s00_entry_pipeline/s00_si_converter/inst/areset                                                                                                                |                1 |              4 |         4.00 |
|  design_1_i/processing_system7_0/inst/FCLK_CLK0 | design_1_i/axi_smc_1/inst/s00_entry_pipeline/s00_si_converter/inst/converter.wrap_narrow_inst/w_payld_fifo/cmd_fifo/E[0]                                                                                |                                                                                                                                                                                          |                2 |              4 |         2.00 |
|  design_1_i/processing_system7_0/inst/FCLK_CLK0 | design_1_i/axi_smc_1/inst/s00_entry_pipeline/s00_si_converter/inst/converter.wrap_narrow_inst/w_payld_fifo/w_payld_push_d0                                                                              | design_1_i/axi_smc_1/inst/s00_entry_pipeline/s00_si_converter/inst/areset                                                                                                                |                1 |              4 |         4.00 |
|  design_1_i/processing_system7_0/inst/FCLK_CLK0 | design_1_i/axi_smc/inst/s00_entry_pipeline/s00_si_converter/inst/converter.wrap_narrow_inst/ar_reg_slice/E[0]                                                                                           | design_1_i/axi_smc/inst/s00_entry_pipeline/s00_si_converter/inst/areset                                                                                                                  |                2 |              4 |         2.00 |
|  design_1_i/processing_system7_0/inst/FCLK_CLK0 | design_1_i/axi_smc_1/inst/s00_entry_pipeline/s00_si_converter/inst/gen_normal.splitter_inst/gen_no_wsplitter.gen_endpoint_woffset.gen_wbypass_offset_fifo.wbypass_offset_fifo/fifoaddr[3]_i_1_n_0       | design_1_i/axi_smc_1/inst/s00_entry_pipeline/s00_si_converter/inst/areset                                                                                                                |                1 |              4 |         4.00 |
|  design_1_i/processing_system7_0/inst/FCLK_CLK0 | design_1_i/axi_bram_ctrl_0/U0/gext_inst.abcv4_0_ext_inst/GEN_AXI4.I_FULL_AXI/I_WR_CHNL/wrdata_reg_ld                                                                                                    | design_1_i/axi_bram_ctrl_0/U0/gext_inst.abcv4_0_ext_inst/GEN_AXI4.I_FULL_AXI/I_WR_CHNL/GEN_WR_NO_ECC.bram_we_int[3]_i_1_n_0                                                              |                1 |              4 |         4.00 |
|  design_1_i/processing_system7_0/inst/FCLK_CLK0 | design_1_i/axi_smc/inst/s00_entry_pipeline/s00_si_converter/inst/converter.wrap_narrow_inst/gen_thread_loop[0].r_cmd_fifo/fifoaddr[3]_i_1__3_n_0                                                        | design_1_i/axi_smc/inst/s00_entry_pipeline/s00_si_converter/inst/areset                                                                                                                  |                2 |              4 |         2.00 |
|  design_1_i/processing_system7_0/inst/FCLK_CLK0 | design_1_i/axi_smc/inst/m00_exit_pipeline/m00_exit/inst/exit_inst/gen_r_cmd_fifo.r_cmd_fifo/gen_pipelined.load_mesg                                                                                     |                                                                                                                                                                                          |                2 |              4 |         2.00 |
|  design_1_i/processing_system7_0/inst/FCLK_CLK0 | design_1_i/axi_smc/inst/m00_exit_pipeline/m00_exit/inst/exit_inst/gen_r_cmd_fifo.r_cmd_fifo/gen_srls[15].srl_nx1/shift                                                                                  |                                                                                                                                                                                          |                1 |              4 |         4.00 |
|  design_1_i/processing_system7_0/inst/FCLK_CLK0 |                                                                                                                                                                                                         | design_1_i/rst_ps7_0_100M/U0/EXT_LPF/lpf_int                                                                                                                                             |                2 |              4 |         2.00 |
|  design_1_i/processing_system7_0/inst/FCLK_CLK0 | design_1_i/axi_smc/inst/m00_exit_pipeline/m00_exit/inst/exit_inst/gen_r_cmd_fifo.r_cmd_fifo/fifoaddr[3]_i_1_n_0                                                                                         | design_1_i/axi_smc/inst/m00_exit_pipeline/m00_exit/inst/areset                                                                                                                           |                2 |              4 |         2.00 |
|  design_1_i/processing_system7_0/inst/FCLK_CLK0 | design_1_i/axi_smc/inst/s00_entry_pipeline/s00_si_converter/inst/converter.wrap_narrow_inst/w_cmd_fifo/fifoaddr[3]_i_1__5_n_0                                                                           | design_1_i/axi_smc/inst/s00_entry_pipeline/s00_si_converter/inst/areset                                                                                                                  |                1 |              4 |         4.00 |
|  design_1_i/processing_system7_0/inst/FCLK_CLK0 |                                                                                                                                                                                                         | design_1_i/axi_smc_1/inst/clk_map/psr_aclk/U0/EXT_LPF/lpf_int                                                                                                                            |                2 |              4 |         2.00 |
|  design_1_i/processing_system7_0/inst/FCLK_CLK0 | design_1_i/axi_smc/inst/m00_exit_pipeline/m00_exit/inst/exit_inst/gen_w_cmd_fifo.w_cmd_fifo/fifoaddr[3]_i_1__0_n_0                                                                                      | design_1_i/axi_smc/inst/m00_exit_pipeline/m00_exit/inst/areset                                                                                                                           |                2 |              4 |         2.00 |
|  design_1_i/processing_system7_0/inst/FCLK_CLK0 | design_1_i/axi_bram_ctrl_1/U0/gext_inst.abcv4_0_ext_inst/GEN_AXI4.I_FULL_AXI/I_RD_CHNL/FSM_sequential_GEN_NO_RD_CMD_OPT.rd_data_sm_cs[3]_i_1_n_0                                                        | design_1_i/axi_bram_ctrl_1/U0/gext_inst.abcv4_0_ext_inst/GEN_AXI4.I_FULL_AXI/I_RD_CHNL/GEN_NO_RD_CMD_OPT.I_WRAP_BRST/SR[0]                                                               |                4 |              4 |         1.00 |
|  design_1_i/processing_system7_0/inst/FCLK_CLK0 | design_1_i/axi_smc_1/inst/m00_exit_pipeline/m00_exit/inst/exit_inst/gen_w_cmd_fifo.w_cmd_fifo/fifoaddr[3]_i_1__0_n_0                                                                                    | design_1_i/axi_smc_1/inst/m00_exit_pipeline/m00_exit/inst/areset                                                                                                                         |                1 |              4 |         4.00 |
|  design_1_i/processing_system7_0/inst/FCLK_CLK0 | design_1_i/axi_bram_ctrl_1/U0/gext_inst.abcv4_0_ext_inst/GEN_AXI4.I_FULL_AXI/I_WR_CHNL/wrdata_reg_ld                                                                                                    | design_1_i/axi_bram_ctrl_1/U0/gext_inst.abcv4_0_ext_inst/GEN_AXI4.I_FULL_AXI/I_WR_CHNL/GEN_WR_NO_ECC.bram_we_int[3]_i_1_n_0                                                              |                1 |              4 |         4.00 |
|  design_1_i/processing_system7_0/inst/FCLK_CLK0 | design_1_i/axi_smc/inst/s00_entry_pipeline/s00_mmu/inst/gen_endpoint.b_cnt[4]_i_1_n_0                                                                                                                   | design_1_i/axi_smc/inst/s00_entry_pipeline/s00_mmu/inst/areset_d                                                                                                                         |                2 |              5 |         2.50 |
|  design_1_i/processing_system7_0/inst/FCLK_CLK0 | design_1_i/axi_smc/inst/s00_entry_pipeline/s00_si_converter/inst/converter.wrap_narrow_inst/gen_thread_loop[0].r_payld_fifo/fifoaddr[4]_i_1__0_n_0                                                      | design_1_i/axi_smc/inst/s00_entry_pipeline/s00_si_converter/inst/areset                                                                                                                  |                3 |              5 |         1.67 |
|  design_1_i/processing_system7_0/inst/FCLK_CLK0 | design_1_i/axi_smc_1/inst/s00_entry_pipeline/s00_mmu/inst/ar_reg_stall/E[0]                                                                                                                             | design_1_i/axi_smc_1/inst/s00_entry_pipeline/s00_mmu/inst/areset                                                                                                                         |                2 |              5 |         2.50 |
|  design_1_i/processing_system7_0/inst/FCLK_CLK0 | design_1_i/axi_smc_1/inst/s00_entry_pipeline/s00_mmu/inst/gen_endpoint.w_cnt[4]_i_1_n_0                                                                                                                 | design_1_i/axi_smc_1/inst/s00_entry_pipeline/s00_mmu/inst/areset_d                                                                                                                       |                1 |              5 |         5.00 |
|  design_1_i/processing_system7_0/inst/FCLK_CLK0 | design_1_i/axi_smc_1/inst/s00_entry_pipeline/s00_mmu/inst/gen_endpoint.b_cnt[4]_i_1_n_0                                                                                                                 | design_1_i/axi_smc_1/inst/s00_entry_pipeline/s00_mmu/inst/areset_d                                                                                                                       |                2 |              5 |         2.50 |
|  design_1_i/processing_system7_0/inst/FCLK_CLK0 | design_1_i/axi_smc_1/inst/s00_entry_pipeline/s00_si_converter/inst/converter.wrap_narrow_inst/gen_thread_loop[0].r_payld_fifo/fifoaddr[4]_i_1__0_n_0                                                    | design_1_i/axi_smc_1/inst/s00_entry_pipeline/s00_si_converter/inst/areset                                                                                                                |                4 |              5 |         1.25 |
|  design_1_i/processing_system7_0/inst/FCLK_CLK0 | design_1_i/axi_smc_1/inst/s00_entry_pipeline/s00_si_converter/inst/converter.wrap_narrow_inst/w_payld_fifo/fifoaddr[4]_i_1_n_0                                                                          | design_1_i/axi_smc_1/inst/s00_entry_pipeline/s00_si_converter/inst/areset                                                                                                                |                3 |              5 |         1.67 |
|  design_1_i/processing_system7_0/inst/FCLK_CLK0 | design_1_i/axi_smc/inst/s00_entry_pipeline/s00_si_converter/inst/converter.wrap_narrow_inst/w_payld_fifo/fifoaddr[4]_i_1_n_0                                                                            | design_1_i/axi_smc/inst/s00_entry_pipeline/s00_si_converter/inst/areset                                                                                                                  |                3 |              5 |         1.67 |
|  design_1_i/processing_system7_0/inst/FCLK_CLK0 | design_1_i/axi_smc/inst/s00_entry_pipeline/s00_mmu/inst/ar_reg_stall/E[0]                                                                                                                               | design_1_i/axi_smc/inst/s00_entry_pipeline/s00_mmu/inst/areset                                                                                                                           |                2 |              5 |         2.50 |
|  design_1_i/processing_system7_0/inst/FCLK_CLK0 | design_1_i/axi_smc/inst/s00_entry_pipeline/s00_mmu/inst/gen_endpoint.w_cnt[4]_i_1_n_0                                                                                                                   | design_1_i/axi_smc/inst/s00_entry_pipeline/s00_mmu/inst/areset_d                                                                                                                         |                1 |              5 |         5.00 |
|  design_1_i/processing_system7_0/inst/FCLK_CLK0 |                                                                                                                                                                                                         | design_1_i/axi_smc/inst/m00_exit_pipeline/m00_exit/inst/areset                                                                                                                           |                3 |              6 |         2.00 |
|  design_1_i/processing_system7_0/inst/FCLK_CLK0 |                                                                                                                                                                                                         | design_1_i/axi_smc_1/inst/m00_exit_pipeline/m00_exit/inst/areset                                                                                                                         |                4 |              6 |         1.50 |
|  design_1_i/processing_system7_0/inst/FCLK_CLK0 | design_1_i/axi_smc_1/inst/s00_entry_pipeline/s00_si_converter/inst/converter.wrap_narrow_inst/w_cmd_fifo/w_accum_continue1                                                                              |                                                                                                                                                                                          |                3 |              6 |         2.00 |
|  design_1_i/processing_system7_0/inst/FCLK_CLK0 | design_1_i/rst_ps7_0_100M/U0/SEQ/seq_cnt_en                                                                                                                                                             | design_1_i/rst_ps7_0_100M/U0/SEQ/SEQ_COUNTER/clear                                                                                                                                       |                1 |              6 |         6.00 |
|  design_1_i/processing_system7_0/inst/FCLK_CLK0 | design_1_i/axi_smc/inst/clk_map/psr_aclk/U0/SEQ/seq_cnt_en                                                                                                                                              | design_1_i/axi_smc/inst/clk_map/psr_aclk/U0/SEQ/SEQ_COUNTER/clear                                                                                                                        |                1 |              6 |         6.00 |
|  design_1_i/processing_system7_0/inst/FCLK_CLK0 |                                                                                                                                                                                                         | design_1_i/axi_smc/inst/s00_entry_pipeline/s00_transaction_regulator/inst/areset                                                                                                         |                3 |              6 |         2.00 |
|  design_1_i/processing_system7_0/inst/FCLK_CLK0 |                                                                                                                                                                                                         | design_1_i/axi_smc_1/inst/s00_entry_pipeline/s00_transaction_regulator/inst/areset                                                                                                       |                4 |              6 |         1.50 |
|  design_1_i/processing_system7_0/inst/FCLK_CLK0 | design_1_i/axi_smc_1/inst/clk_map/psr_aclk/U0/SEQ/seq_cnt_en                                                                                                                                            | design_1_i/axi_smc_1/inst/clk_map/psr_aclk/U0/SEQ/SEQ_COUNTER/clear                                                                                                                      |                1 |              6 |         6.00 |
|  design_1_i/processing_system7_0/inst/FCLK_CLK0 | design_1_i/axi_smc/inst/s00_entry_pipeline/s00_si_converter/inst/converter.wrap_narrow_inst/w_cmd_fifo/w_accum_continue1                                                                                |                                                                                                                                                                                          |                3 |              6 |         2.00 |
|  design_1_i/processing_system7_0/inst/FCLK_CLK0 | design_1_i/axi_smc_1/inst/s00_entry_pipeline/s00_si_converter/inst/converter.wrap_narrow_inst/w_cmd_fifo/E[0]                                                                                           | design_1_i/axi_smc_1/inst/s00_entry_pipeline/s00_si_converter/inst/areset                                                                                                                |                3 |              8 |         2.67 |
|  design_1_i/processing_system7_0/inst/FCLK_CLK0 | design_1_i/axi_smc_1/inst/s00_entry_pipeline/s00_si_converter/inst/converter.wrap_narrow_inst/w_payld_fifo/cmd_fifo/gen_srls[11].srl_nx1/shift                                                          |                                                                                                                                                                                          |                2 |              8 |         4.00 |
|  design_1_i/processing_system7_0/inst/FCLK_CLK0 | design_1_i/axi_smc_1/inst/s00_entry_pipeline/s00_si_converter/inst/converter.wrap_narrow_inst/w_payld_fifo/cmd_fifo/gen_pipelined.load_mesg                                                             |                                                                                                                                                                                          |                4 |              8 |         2.00 |
|  design_1_i/processing_system7_0/inst/FCLK_CLK0 | design_1_i/axi_bram_ctrl_1/U0/gext_inst.abcv4_0_ext_inst/GEN_AXI4.I_FULL_AXI/I_RD_CHNL/GEN_NO_RD_CMD_OPT.brst_cnt[7]_i_1_n_0                                                                            | design_1_i/axi_bram_ctrl_1/U0/gext_inst.abcv4_0_ext_inst/GEN_AXI4.I_FULL_AXI/I_RD_CHNL/GEN_NO_RD_CMD_OPT.I_WRAP_BRST/SR[0]                                                               |                4 |              8 |         2.00 |
|  design_1_i/processing_system7_0/inst/FCLK_CLK0 | design_1_i/axi_smc_1/inst/s00_entry_pipeline/s00_si_converter/inst/converter.wrap_narrow_inst/gen_thread_loop[0].r_payld_fifo/cmd_fifo/gen_srls[11].srl_nx1/shift                                       |                                                                                                                                                                                          |                2 |              8 |         4.00 |
|  design_1_i/processing_system7_0/inst/FCLK_CLK0 | design_1_i/axi_smc_1/inst/s00_entry_pipeline/s00_si_converter/inst/converter.wrap_narrow_inst/gen_thread_loop[0].r_cmd_fifo/gen_thread_loop[0].r_word_cnt_reg[0][7][0]                                  | design_1_i/axi_smc_1/inst/s00_entry_pipeline/s00_si_converter/inst/areset                                                                                                                |                3 |              8 |         2.67 |
|  design_1_i/processing_system7_0/inst/FCLK_CLK0 | design_1_i/axi_smc/inst/s00_entry_pipeline/s00_si_converter/inst/converter.wrap_narrow_inst/gen_thread_loop[0].r_payld_fifo/cmd_fifo/gen_pipelined.load_mesg                                            |                                                                                                                                                                                          |                3 |              8 |         2.67 |
|  design_1_i/processing_system7_0/inst/FCLK_CLK0 | design_1_i/axi_smc/inst/s00_entry_pipeline/s00_si_converter/inst/converter.wrap_narrow_inst/w_cmd_fifo/E[0]                                                                                             | design_1_i/axi_smc/inst/s00_entry_pipeline/s00_si_converter/inst/areset                                                                                                                  |                3 |              8 |         2.67 |
|  design_1_i/processing_system7_0/inst/FCLK_CLK0 | design_1_i/axi_bram_ctrl_0/U0/gext_inst.abcv4_0_ext_inst/GEN_AXI4.I_FULL_AXI/I_RD_CHNL/GEN_NO_RD_CMD_OPT.brst_cnt[7]_i_1_n_0                                                                            | design_1_i/axi_bram_ctrl_0/U0/gext_inst.abcv4_0_ext_inst/GEN_AXI4.I_FULL_AXI/I_RD_CHNL/GEN_NO_RD_CMD_OPT.I_WRAP_BRST/SR[0]                                                               |                6 |              8 |         1.33 |
|  design_1_i/processing_system7_0/inst/FCLK_CLK0 | design_1_i/axi_smc/inst/s00_entry_pipeline/s00_mmu/inst/gen_endpoint.decerr_slave_inst/gen_axi.gen_read.read_cnt[7]_i_1_n_0                                                                             | design_1_i/axi_smc/inst/s00_entry_pipeline/s00_mmu/inst/areset                                                                                                                           |                2 |              8 |         4.00 |
|  design_1_i/processing_system7_0/inst/FCLK_CLK0 | design_1_i/axi_smc/inst/s00_nodes/s00_b_node/inst/inst_mi_handler/gen_normal_area.inst_fifo_node_payld/gen_xpm_memory_fifo.inst_fifo/wr_wea                                                             |                                                                                                                                                                                          |                1 |              8 |         8.00 |
|  design_1_i/processing_system7_0/inst/FCLK_CLK0 | design_1_i/axi_smc_1/inst/s00_nodes/s00_b_node/inst/inst_mi_handler/gen_normal_area.inst_fifo_node_payld/gen_xpm_memory_fifo.inst_fifo/gen_mem_rep[0].inst_rd_addrb/rd_addrb_incr                       | design_1_i/axi_smc_1/inst/s00_nodes/s00_b_node/inst/inst_mi_handler/m_sc_areset_r                                                                                                        |                3 |              8 |         2.67 |
|  design_1_i/processing_system7_0/inst/FCLK_CLK0 | design_1_i/axi_smc_1/inst/s00_entry_pipeline/s00_si_converter/inst/converter.wrap_narrow_inst/gen_thread_loop[0].r_payld_fifo/cmd_fifo/gen_pipelined.load_mesg                                          |                                                                                                                                                                                          |                4 |              8 |         2.00 |
|  design_1_i/processing_system7_0/inst/FCLK_CLK0 | design_1_i/axi_smc/inst/s00_entry_pipeline/s00_si_converter/inst/converter.wrap_narrow_inst/w_payld_fifo/cmd_fifo/gen_pipelined.load_mesg                                                               |                                                                                                                                                                                          |                5 |              8 |         1.60 |
|  design_1_i/processing_system7_0/inst/FCLK_CLK0 | design_1_i/axi_smc/inst/s00_nodes/s00_b_node/inst/inst_mi_handler/gen_normal_area.inst_fifo_node_payld/gen_xpm_memory_fifo.inst_fifo/gen_mem_rep[0].inst_rd_addrb/rd_addrb_incr                         | design_1_i/axi_smc/inst/s00_nodes/s00_b_node/inst/inst_mi_handler/m_sc_areset_r                                                                                                          |                4 |              8 |         2.00 |
|  design_1_i/processing_system7_0/inst/FCLK_CLK0 | design_1_i/axi_smc/inst/s00_entry_pipeline/s00_si_converter/inst/converter.wrap_narrow_inst/w_payld_fifo/cmd_fifo/gen_srls[11].srl_nx1/shift                                                            |                                                                                                                                                                                          |                2 |              8 |         4.00 |
|  design_1_i/processing_system7_0/inst/FCLK_CLK0 | design_1_i/axi_smc_1/inst/s00_nodes/s00_b_node/inst/inst_mi_handler/gen_normal_area.inst_fifo_node_payld/gen_xpm_memory_fifo.inst_fifo/wr_wea                                                           |                                                                                                                                                                                          |                1 |              8 |         8.00 |
|  design_1_i/processing_system7_0/inst/FCLK_CLK0 | design_1_i/axi_smc_1/inst/s00_entry_pipeline/s00_mmu/inst/gen_endpoint.decerr_slave_inst/gen_axi.gen_read.read_cnt[7]_i_1_n_0                                                                           | design_1_i/axi_smc_1/inst/s00_entry_pipeline/s00_mmu/inst/areset                                                                                                                         |                3 |              8 |         2.67 |
|  design_1_i/processing_system7_0/inst/FCLK_CLK0 | design_1_i/axi_smc/inst/s00_entry_pipeline/s00_si_converter/inst/converter.wrap_narrow_inst/gen_thread_loop[0].r_cmd_fifo/gen_thread_loop[0].r_word_cnt_reg[0][7][0]                                    | design_1_i/axi_smc/inst/s00_entry_pipeline/s00_si_converter/inst/areset                                                                                                                  |                3 |              8 |         2.67 |
|  design_1_i/processing_system7_0/inst/FCLK_CLK0 | design_1_i/axi_smc/inst/s00_entry_pipeline/s00_si_converter/inst/converter.wrap_narrow_inst/gen_thread_loop[0].r_payld_fifo/cmd_fifo/gen_srls[11].srl_nx1/shift                                         |                                                                                                                                                                                          |                2 |              8 |         4.00 |
|  design_1_i/processing_system7_0/inst/FCLK_CLK0 | design_1_i/axi_smc_1/inst/s00_entry_pipeline/s00_si_converter/inst/converter.wrap_narrow_inst/gen_thread_loop[0].r_payld_fifo/cmd_fifo/last_beat_reg                                                    | design_1_i/axi_smc_1/inst/s00_entry_pipeline/s00_si_converter/inst/areset                                                                                                                |                5 |              9 |         1.80 |
|  design_1_i/processing_system7_0/inst/FCLK_CLK0 | design_1_i/axi_smc/inst/s00_entry_pipeline/s00_si_converter/inst/converter.wrap_narrow_inst/w_payld_fifo/w_fill_mask_reg[3][0]                                                                          |                                                                                                                                                                                          |                4 |              9 |         2.25 |
|  design_1_i/processing_system7_0/inst/FCLK_CLK0 | design_1_i/axi_smc_1/inst/s00_entry_pipeline/s00_si_converter/inst/converter.wrap_narrow_inst/w_payld_fifo/cmd_fifo/last_beat_reg                                                                       | design_1_i/axi_smc_1/inst/s00_entry_pipeline/s00_si_converter/inst/areset                                                                                                                |                4 |              9 |         2.25 |
|  design_1_i/processing_system7_0/inst/FCLK_CLK0 | design_1_i/axi_smc_1/inst/s00_entry_pipeline/s00_si_converter/inst/converter.wrap_narrow_inst/w_payld_fifo/cmd_fifo/last_beat_reg_0[0]                                                                  | design_1_i/axi_smc_1/inst/s00_entry_pipeline/s00_si_converter/inst/areset                                                                                                                |                4 |              9 |         2.25 |
|  design_1_i/processing_system7_0/inst/FCLK_CLK0 | design_1_i/axi_smc/inst/s00_entry_pipeline/s00_si_converter/inst/converter.wrap_narrow_inst/w_payld_fifo/s_ready_i_reg_0                                                                                | design_1_i/axi_smc/inst/s00_entry_pipeline/s00_si_converter/inst/converter.wrap_narrow_inst/w_payld_fifo/w_accum_continue_d_reg                                                          |                2 |              9 |         4.50 |
|  design_1_i/processing_system7_0/inst/FCLK_CLK0 | design_1_i/axi_smc_1/inst/s00_entry_pipeline/s00_si_converter/inst/converter.wrap_narrow_inst/w_payld_fifo/s_ready_i_reg_0                                                                              | design_1_i/axi_smc_1/inst/s00_entry_pipeline/s00_si_converter/inst/converter.wrap_narrow_inst/w_payld_fifo/w_accum_continue_d_reg                                                        |                2 |              9 |         4.50 |
|  design_1_i/processing_system7_0/inst/FCLK_CLK0 | design_1_i/axi_smc_1/inst/s00_entry_pipeline/s00_si_converter/inst/converter.wrap_narrow_inst/w_payld_fifo/w_fill_mask_reg[3][0]                                                                        |                                                                                                                                                                                          |                3 |              9 |         3.00 |
|  design_1_i/processing_system7_0/inst/FCLK_CLK0 | design_1_i/axi_smc_1/inst/s00_entry_pipeline/s00_si_converter/inst/converter.wrap_narrow_inst/w_payld_fifo/w_fill_mask_reg[3][1]                                                                        |                                                                                                                                                                                          |                3 |              9 |         3.00 |
|  design_1_i/processing_system7_0/inst/FCLK_CLK0 | design_1_i/axi_smc_1/inst/s00_entry_pipeline/s00_si_converter/inst/converter.wrap_narrow_inst/w_payld_fifo/w_fill_mask_reg[3][2]                                                                        |                                                                                                                                                                                          |                3 |              9 |         3.00 |
|  design_1_i/processing_system7_0/inst/FCLK_CLK0 | design_1_i/axi_smc/inst/s00_entry_pipeline/s00_si_converter/inst/converter.wrap_narrow_inst/w_payld_fifo/cmd_fifo/last_beat_reg_0[0]                                                                    | design_1_i/axi_smc/inst/s00_entry_pipeline/s00_si_converter/inst/areset                                                                                                                  |                4 |              9 |         2.25 |
|  design_1_i/processing_system7_0/inst/FCLK_CLK0 | design_1_i/axi_smc/inst/s00_entry_pipeline/s00_si_converter/inst/converter.wrap_narrow_inst/w_payld_fifo/cmd_fifo/last_beat_reg                                                                         | design_1_i/axi_smc/inst/s00_entry_pipeline/s00_si_converter/inst/areset                                                                                                                  |                2 |              9 |         4.50 |
|  design_1_i/processing_system7_0/inst/FCLK_CLK0 | design_1_i/axi_smc_1/inst/s00_entry_pipeline/s00_si_converter/inst/converter.wrap_narrow_inst/gen_thread_loop[0].r_payld_fifo/cmd_fifo/last_beat_reg_0[0]                                               | design_1_i/axi_smc_1/inst/s00_entry_pipeline/s00_si_converter/inst/areset                                                                                                                |                3 |              9 |         3.00 |
|  design_1_i/processing_system7_0/inst/FCLK_CLK0 | design_1_i/axi_smc/inst/s00_entry_pipeline/s00_si_converter/inst/converter.wrap_narrow_inst/w_payld_fifo/w_fill_mask_reg[3][2]                                                                          |                                                                                                                                                                                          |                3 |              9 |         3.00 |
|  design_1_i/processing_system7_0/inst/FCLK_CLK0 | design_1_i/axi_smc/inst/s00_entry_pipeline/s00_si_converter/inst/converter.wrap_narrow_inst/w_payld_fifo/w_fill_mask_reg[3][1]                                                                          |                                                                                                                                                                                          |                3 |              9 |         3.00 |
|  design_1_i/processing_system7_0/inst/FCLK_CLK0 | design_1_i/axi_smc/inst/s00_entry_pipeline/s00_si_converter/inst/converter.wrap_narrow_inst/gen_thread_loop[0].r_payld_fifo/cmd_fifo/last_beat_reg                                                      | design_1_i/axi_smc/inst/s00_entry_pipeline/s00_si_converter/inst/areset                                                                                                                  |                3 |              9 |         3.00 |
|  design_1_i/processing_system7_0/inst/FCLK_CLK0 | design_1_i/axi_smc/inst/s00_entry_pipeline/s00_si_converter/inst/converter.wrap_narrow_inst/gen_thread_loop[0].r_payld_fifo/cmd_fifo/last_beat_reg_0[0]                                                 | design_1_i/axi_smc/inst/s00_entry_pipeline/s00_si_converter/inst/areset                                                                                                                  |                3 |              9 |         3.00 |
|  design_1_i/processing_system7_0/inst/FCLK_CLK0 | design_1_i/axi_bram_ctrl_1/U0/gext_inst.abcv4_0_ext_inst/GEN_AXI4.I_FULL_AXI/I_RD_CHNL/GEN_NO_RD_CMD_OPT.I_WRAP_BRST/E[0]                                                                               | design_1_i/axi_bram_ctrl_1/U0/gext_inst.abcv4_0_ext_inst/GEN_AXI4.I_FULL_AXI/I_WR_CHNL/I_WRAP_BRST/SR[0]                                                                                 |                3 |             10 |         3.33 |
|  design_1_i/processing_system7_0/inst/FCLK_CLK0 | design_1_i/axi_smc/inst/s00_entry_pipeline/s00_si_converter/inst/converter.wrap_narrow_inst/gen_thread_loop[0].r_cmd_fifo/E[0]                                                                          | design_1_i/axi_smc/inst/s00_entry_pipeline/s00_si_converter/inst/areset                                                                                                                  |                4 |             10 |         2.50 |
|  design_1_i/processing_system7_0/inst/FCLK_CLK0 | design_1_i/axi_bram_ctrl_0/U0/gext_inst.abcv4_0_ext_inst/GEN_AXI4.I_FULL_AXI/I_RD_CHNL/GEN_NO_RD_CMD_OPT.I_WRAP_BRST/E[0]                                                                               | design_1_i/axi_bram_ctrl_0/U0/gext_inst.abcv4_0_ext_inst/GEN_AXI4.I_FULL_AXI/I_WR_CHNL/I_WRAP_BRST/SR[0]                                                                                 |                4 |             10 |         2.50 |
|  design_1_i/processing_system7_0/inst/FCLK_CLK0 | design_1_i/axi_smc_1/inst/s00_entry_pipeline/s00_si_converter/inst/converter.wrap_narrow_inst/gen_thread_loop[0].r_cmd_fifo/E[0]                                                                        | design_1_i/axi_smc_1/inst/s00_entry_pipeline/s00_si_converter/inst/areset                                                                                                                |                4 |             10 |         2.50 |
|  design_1_i/processing_system7_0/inst/FCLK_CLK0 | design_1_i/axi_smc_1/inst/s00_entry_pipeline/s00_si_converter/inst/converter.wrap_narrow_inst/w_cmd_fifo/gen_pipelined.load_mesg                                                                        |                                                                                                                                                                                          |                5 |             11 |         2.20 |
|  design_1_i/processing_system7_0/inst/FCLK_CLK0 | design_1_i/axi_smc_1/inst/s00_entry_pipeline/s00_si_converter/inst/converter.wrap_narrow_inst/w_cmd_fifo/gen_srls[15].srl_nx1/shift                                                                     |                                                                                                                                                                                          |                3 |             11 |         3.67 |
|  design_1_i/processing_system7_0/inst/FCLK_CLK0 | design_1_i/axi_smc/inst/s00_entry_pipeline/s00_si_converter/inst/converter.wrap_narrow_inst/w_cmd_fifo/gen_pipelined.load_mesg                                                                          |                                                                                                                                                                                          |                5 |             11 |         2.20 |
|  design_1_i/processing_system7_0/inst/FCLK_CLK0 | design_1_i/axi_smc/inst/s00_entry_pipeline/s00_si_converter/inst/converter.wrap_narrow_inst/w_cmd_fifo/gen_srls[15].srl_nx1/shift                                                                       |                                                                                                                                                                                          |                3 |             11 |         3.67 |
|  design_1_i/processing_system7_0/inst/FCLK_CLK0 | design_1_i/axi_bram_ctrl_1/U0/gext_inst.abcv4_0_ext_inst/GEN_AXI4.I_FULL_AXI/GEN_ARB.I_SNG_PORT/E[0]                                                                                                    | design_1_i/axi_bram_ctrl_1/U0/gext_inst.abcv4_0_ext_inst/GEN_AXI4.I_FULL_AXI/I_RD_CHNL/GEN_NO_RD_CMD_OPT.I_WRAP_BRST/SR[0]                                                               |                5 |             12 |         2.40 |
|  design_1_i/processing_system7_0/inst/FCLK_CLK0 | design_1_i/axi_smc/inst/s00_entry_pipeline/s00_mmu/inst/gen_endpoint.decerr_slave_inst/gen_axi.gen_write.s_axi_bid_i[11]_i_1_n_0                                                                        | design_1_i/axi_smc/inst/s00_entry_pipeline/s00_mmu/inst/areset                                                                                                                           |                2 |             12 |         6.00 |
|  design_1_i/processing_system7_0/inst/FCLK_CLK0 | design_1_i/axi_smc_1/inst/s00_nodes/s00_w_node/inst/inst_si_handler/s_sc_valid                                                                                                                          | design_1_i/axi_smc_1/inst/s00_nodes/s00_w_node/inst/inst_mi_handler/areset_r                                                                                                             |                6 |             12 |         2.00 |
|  design_1_i/processing_system7_0/inst/FCLK_CLK0 | design_1_i/axi_smc_1/inst/s00_nodes/s00_b_node/inst/inst_si_handler/s_sc_valid                                                                                                                          | design_1_i/axi_smc_1/inst/s00_nodes/s00_b_node/inst/inst_mi_handler/areset_r                                                                                                             |                6 |             12 |         2.00 |
|  design_1_i/processing_system7_0/inst/FCLK_CLK0 | design_1_i/axi_smc_1/inst/s00_entry_pipeline/s00_mmu/inst/gen_endpoint.decerr_slave_inst/gen_axi.gen_read.s_axi_rid_i[11]_i_1_n_0                                                                       | design_1_i/axi_smc_1/inst/s00_entry_pipeline/s00_mmu/inst/areset                                                                                                                         |                4 |             12 |         3.00 |
|  design_1_i/processing_system7_0/inst/FCLK_CLK0 | design_1_i/axi_smc_1/inst/s00_entry_pipeline/s00_mmu/inst/gen_endpoint.decerr_slave_inst/gen_axi.gen_write.s_axi_bid_i[11]_i_1_n_0                                                                      | design_1_i/axi_smc_1/inst/s00_entry_pipeline/s00_mmu/inst/areset                                                                                                                         |                4 |             12 |         3.00 |
|  design_1_i/processing_system7_0/inst/FCLK_CLK0 | design_1_i/axi_smc_1/inst/s00_entry_pipeline/s00_transaction_regulator/inst/gen_endpoint.gen_r_singleorder.r_singleorder/gen_id_fifo.singleorder_fifo/gen_pipelined.load_mesg                           |                                                                                                                                                                                          |                6 |             12 |         2.00 |
|  design_1_i/processing_system7_0/inst/FCLK_CLK0 | design_1_i/axi_smc/inst/s00_entry_pipeline/s00_mmu/inst/gen_endpoint.decerr_slave_inst/gen_axi.gen_read.s_axi_rid_i[11]_i_1_n_0                                                                         | design_1_i/axi_smc/inst/s00_entry_pipeline/s00_mmu/inst/areset                                                                                                                           |                6 |             12 |         2.00 |
|  design_1_i/processing_system7_0/inst/FCLK_CLK0 | design_1_i/axi_smc/inst/s00_nodes/s00_w_node/inst/inst_si_handler/s_sc_valid                                                                                                                            | design_1_i/axi_smc/inst/s00_nodes/s00_w_node/inst/inst_mi_handler/areset_r                                                                                                               |                6 |             12 |         2.00 |
|  design_1_i/processing_system7_0/inst/FCLK_CLK0 | design_1_i/axi_smc_1/inst/s00_entry_pipeline/s00_transaction_regulator/inst/gen_endpoint.gen_r_singleorder.r_singleorder/gen_id_fifo.singleorder_fifo/gen_srls[11].srl_nx1/shift                        |                                                                                                                                                                                          |                4 |             12 |         3.00 |
|  design_1_i/processing_system7_0/inst/FCLK_CLK0 | design_1_i/axi_smc_1/inst/s00_nodes/s00_aw_node/inst/inst_si_handler/s_sc_valid                                                                                                                         | design_1_i/axi_smc_1/inst/s00_nodes/s00_aw_node/inst/inst_mi_handler/areset_r                                                                                                            |                4 |             12 |         3.00 |
|  design_1_i/processing_system7_0/inst/FCLK_CLK0 | design_1_i/axi_smc_1/inst/s00_nodes/s00_ar_node/inst/inst_si_handler/s_sc_valid                                                                                                                         | design_1_i/axi_smc_1/inst/s00_nodes/s00_ar_node/inst/inst_mi_handler/areset_r                                                                                                            |                5 |             12 |         2.40 |
|  design_1_i/processing_system7_0/inst/FCLK_CLK0 | design_1_i/axi_bram_ctrl_0/U0/gext_inst.abcv4_0_ext_inst/GEN_AXI4.I_FULL_AXI/GEN_ARB.I_SNG_PORT/E[0]                                                                                                    | design_1_i/axi_bram_ctrl_0/U0/gext_inst.abcv4_0_ext_inst/GEN_AXI4.I_FULL_AXI/I_RD_CHNL/GEN_NO_RD_CMD_OPT.I_WRAP_BRST/SR[0]                                                               |                3 |             12 |         4.00 |
|  design_1_i/processing_system7_0/inst/FCLK_CLK0 | design_1_i/axi_smc_1/inst/s00_entry_pipeline/s00_transaction_regulator/inst/gen_endpoint.gen_w_singleorder.w_singleorder/gen_id_fifo.singleorder_fifo/gen_srls[11].srl_nx1/shift                        |                                                                                                                                                                                          |                4 |             12 |         3.00 |
|  design_1_i/processing_system7_0/inst/FCLK_CLK0 | design_1_i/axi_smc/inst/s00_nodes/s00_r_node/inst/inst_si_handler/s_sc_valid                                                                                                                            | design_1_i/axi_smc/inst/s00_nodes/s00_r_node/inst/inst_mi_handler/areset_r                                                                                                               |                5 |             12 |         2.40 |
|  design_1_i/processing_system7_0/inst/FCLK_CLK0 | design_1_i/axi_smc_1/inst/s00_entry_pipeline/s00_transaction_regulator/inst/gen_endpoint.gen_w_singleorder.w_singleorder/gen_id_fifo.singleorder_fifo/gen_pipelined.load_mesg                           |                                                                                                                                                                                          |                5 |             12 |         2.40 |
|  design_1_i/processing_system7_0/inst/FCLK_CLK0 | design_1_i/axi_smc_1/inst/s00_nodes/s00_r_node/inst/inst_si_handler/s_sc_valid                                                                                                                          | design_1_i/axi_smc_1/inst/s00_nodes/s00_r_node/inst/inst_mi_handler/areset_r                                                                                                             |                5 |             12 |         2.40 |
|  design_1_i/processing_system7_0/inst/FCLK_CLK0 | design_1_i/axi_smc/inst/s00_entry_pipeline/s00_transaction_regulator/inst/gen_endpoint.gen_r_singleorder.r_singleorder/gen_id_fifo.singleorder_fifo/gen_srls[11].srl_nx1/shift                          |                                                                                                                                                                                          |                3 |             12 |         4.00 |
|  design_1_i/processing_system7_0/inst/FCLK_CLK0 | design_1_i/axi_smc/inst/s00_nodes/s00_aw_node/inst/inst_si_handler/s_sc_valid                                                                                                                           | design_1_i/axi_smc/inst/s00_nodes/s00_aw_node/inst/inst_mi_handler/areset_r                                                                                                              |                4 |             12 |         3.00 |
|  design_1_i/processing_system7_0/inst/FCLK_CLK0 | design_1_i/axi_smc/inst/s00_nodes/s00_ar_node/inst/inst_si_handler/s_sc_valid                                                                                                                           | design_1_i/axi_smc/inst/s00_nodes/s00_ar_node/inst/inst_mi_handler/areset_r                                                                                                              |                5 |             12 |         2.40 |
|  design_1_i/processing_system7_0/inst/FCLK_CLK0 | design_1_i/axi_smc/inst/s00_entry_pipeline/s00_transaction_regulator/inst/gen_endpoint.gen_w_singleorder.w_singleorder/gen_id_fifo.singleorder_fifo/gen_pipelined.load_mesg                             |                                                                                                                                                                                          |                5 |             12 |         2.40 |
|  design_1_i/processing_system7_0/inst/FCLK_CLK0 | design_1_i/axi_smc/inst/s00_entry_pipeline/s00_transaction_regulator/inst/gen_endpoint.gen_w_singleorder.w_singleorder/gen_id_fifo.singleorder_fifo/gen_srls[11].srl_nx1/shift                          |                                                                                                                                                                                          |                3 |             12 |         4.00 |
|  design_1_i/processing_system7_0/inst/FCLK_CLK0 | design_1_i/axi_smc/inst/s00_entry_pipeline/s00_transaction_regulator/inst/gen_endpoint.gen_r_singleorder.r_singleorder/gen_id_fifo.singleorder_fifo/gen_pipelined.load_mesg                             |                                                                                                                                                                                          |                6 |             12 |         2.00 |
|  design_1_i/processing_system7_0/inst/FCLK_CLK0 | design_1_i/axi_smc/inst/s00_nodes/s00_b_node/inst/inst_si_handler/s_sc_valid                                                                                                                            | design_1_i/axi_smc/inst/s00_nodes/s00_b_node/inst/inst_mi_handler/areset_r                                                                                                               |                5 |             12 |         2.40 |
|  design_1_i/processing_system7_0/inst/FCLK_CLK0 | design_1_i/axi_smc/inst/s00_entry_pipeline/s00_si_converter/inst/converter.wrap_narrow_inst/gen_thread_loop[0].r_cmd_fifo/gen_pipelined.load_mesg                                                       |                                                                                                                                                                                          |                5 |             13 |         2.60 |
|  design_1_i/processing_system7_0/inst/FCLK_CLK0 | design_1_i/axi_smc_1/inst/s00_entry_pipeline/s00_si_converter/inst/converter.wrap_narrow_inst/gen_thread_loop[0].r_cmd_fifo/gen_srls[20].srl_nx1/shift                                                  |                                                                                                                                                                                          |                4 |             13 |         3.25 |
|  design_1_i/processing_system7_0/inst/FCLK_CLK0 | design_1_i/axi_smc_1/inst/s00_entry_pipeline/s00_si_converter/inst/converter.wrap_narrow_inst/gen_thread_loop[0].r_cmd_fifo/gen_pipelined.load_mesg                                                     |                                                                                                                                                                                          |                5 |             13 |         2.60 |
|  design_1_i/processing_system7_0/inst/FCLK_CLK0 | design_1_i/axi_smc/inst/s00_entry_pipeline/s00_si_converter/inst/converter.wrap_narrow_inst/gen_thread_loop[0].r_cmd_fifo/gen_srls[20].srl_nx1/shift                                                    |                                                                                                                                                                                          |                4 |             13 |         3.25 |
|  design_1_i/processing_system7_0/inst/FCLK_CLK0 | design_1_i/axi_smc_1/inst/s00_nodes/s00_aw_node/inst/inst_mi_handler/gen_normal_area.inst_fifo_node_payld/gen_xpm_memory_fifo.inst_fifo/gen_mem_rep[0].inst_rd_addrb/rd_addrb_incr                      | design_1_i/axi_smc_1/inst/s00_nodes/s00_aw_node/inst/inst_mi_handler/m_sc_areset_r                                                                                                       |                7 |             21 |         3.00 |
|  design_1_i/processing_system7_0/inst/FCLK_CLK0 | design_1_i/axi_smc/inst/s00_nodes/s00_aw_node/inst/inst_mi_handler/gen_normal_area.inst_fifo_node_payld/gen_xpm_memory_fifo.inst_fifo/gen_mem_rep[0].inst_rd_addrb/rd_addrb_incr                        | design_1_i/axi_smc/inst/s00_nodes/s00_aw_node/inst/inst_mi_handler/m_sc_areset_r                                                                                                         |                6 |             21 |         3.50 |
|  design_1_i/processing_system7_0/inst/FCLK_CLK0 | design_1_i/axi_smc/inst/s00_entry_pipeline/s00_si_converter/inst/converter.wrap_narrow_inst/aw_reg_slice/skid_buffer[1144]_i_1_n_0                                                                      |                                                                                                                                                                                          |                6 |             21 |         3.50 |
|  design_1_i/processing_system7_0/inst/FCLK_CLK0 | design_1_i/axi_smc/inst/s00_entry_pipeline/s00_si_converter/inst/converter.wrap_narrow_inst/aw_reg_slice/m_vector_i                                                                                     |                                                                                                                                                                                          |                8 |             21 |         2.62 |
|  design_1_i/processing_system7_0/inst/FCLK_CLK0 | design_1_i/axi_smc_1/inst/s00_entry_pipeline/s00_si_converter/inst/converter.wrap_narrow_inst/aw_reg_slice/m_vector_i                                                                                   |                                                                                                                                                                                          |                8 |             21 |         2.62 |
|  design_1_i/processing_system7_0/inst/FCLK_CLK0 | design_1_i/axi_smc_1/inst/s00_entry_pipeline/s00_si_converter/inst/converter.wrap_narrow_inst/aw_reg_slice/skid_buffer[1144]_i_1_n_0                                                                    |                                                                                                                                                                                          |                8 |             21 |         2.62 |
|  design_1_i/processing_system7_0/inst/FCLK_CLK0 |                                                                                                                                                                                                         | design_1_i/axi_smc_1/inst/s00_entry_pipeline/s00_mmu/inst/areset                                                                                                                         |               12 |             23 |         1.92 |
|  design_1_i/processing_system7_0/inst/FCLK_CLK0 |                                                                                                                                                                                                         | design_1_i/axi_smc/inst/s00_entry_pipeline/s00_mmu/inst/areset                                                                                                                           |               14 |             23 |         1.64 |
|  design_1_i/processing_system7_0/inst/FCLK_CLK0 | design_1_i/axi_smc_1/inst/s00_entry_pipeline/s00_si_converter/inst/converter.wrap_narrow_inst/ar_reg_slice/skid_buffer[1144]_i_1__0_n_0                                                                 |                                                                                                                                                                                          |                7 |             26 |         3.71 |
|  design_1_i/processing_system7_0/inst/FCLK_CLK0 | design_1_i/axi_smc/inst/s00_entry_pipeline/s00_si_converter/inst/converter.wrap_narrow_inst/ar_reg_slice/skid_buffer[1144]_i_1__0_n_0                                                                   |                                                                                                                                                                                          |                9 |             26 |         2.89 |
|  design_1_i/processing_system7_0/inst/FCLK_CLK0 | design_1_i/axi_smc/inst/s00_entry_pipeline/s00_si_converter/inst/converter.wrap_narrow_inst/ar_reg_slice/m_vector_i                                                                                     |                                                                                                                                                                                          |                9 |             26 |         2.89 |
|  design_1_i/processing_system7_0/inst/FCLK_CLK0 | design_1_i/axi_smc_1/inst/s00_entry_pipeline/s00_si_converter/inst/converter.wrap_narrow_inst/ar_reg_slice/m_vector_i                                                                                   |                                                                                                                                                                                          |                8 |             26 |         3.25 |
|  design_1_i/processing_system7_0/inst/FCLK_CLK0 | design_1_i/axi_smc_1/inst/s00_entry_pipeline/s00_si_converter/inst/converter.wrap_narrow_inst/w_shelve_d                                                                                                |                                                                                                                                                                                          |                6 |             27 |         4.50 |
|  design_1_i/processing_system7_0/inst/FCLK_CLK0 | design_1_i/axi_smc/inst/s00_entry_pipeline/s00_si_converter/inst/converter.wrap_narrow_inst/w_shelve_d                                                                                                  |                                                                                                                                                                                          |                7 |             27 |         3.86 |
|  design_1_i/processing_system7_0/inst/FCLK_CLK0 | design_1_i/axi_smc_1/inst/s00_nodes/s00_ar_node/inst/inst_mi_handler/gen_normal_area.inst_fifo_node_payld/gen_xpm_memory_fifo.inst_fifo/gen_mem_rep[0].inst_rd_addrb/rd_addrb_incr                      | design_1_i/axi_smc_1/inst/s00_nodes/s00_ar_node/inst/inst_mi_handler/m_sc_areset_r                                                                                                       |                9 |             28 |         3.11 |
|  design_1_i/processing_system7_0/inst/FCLK_CLK0 | design_1_i/axi_smc/inst/s00_nodes/s00_ar_node/inst/inst_mi_handler/gen_normal_area.inst_fifo_node_payld/gen_xpm_memory_fifo.inst_fifo/gen_mem_rep[0].inst_rd_addrb/rd_addrb_incr                        | design_1_i/axi_smc/inst/s00_nodes/s00_ar_node/inst/inst_mi_handler/m_sc_areset_r                                                                                                         |                9 |             28 |         3.11 |
|  design_1_i/processing_system7_0/inst/FCLK_CLK0 |                                                                                                                                                                                                         | design_1_i/axi_bram_ctrl_1/U0/gext_inst.abcv4_0_ext_inst/GEN_AXI4.I_FULL_AXI/I_RD_CHNL/GEN_NO_RD_CMD_OPT.I_WRAP_BRST/SR[0]                                                               |               15 |             31 |         2.07 |
|  design_1_i/processing_system7_0/inst/FCLK_CLK0 |                                                                                                                                                                                                         | design_1_i/axi_bram_ctrl_0/U0/gext_inst.abcv4_0_ext_inst/GEN_AXI4.I_FULL_AXI/I_RD_CHNL/GEN_NO_RD_CMD_OPT.I_WRAP_BRST/SR[0]                                                               |               17 |             31 |         1.82 |
|  design_1_i/processing_system7_0/inst/FCLK_CLK0 | design_1_i/axi_bram_ctrl_0/U0/gext_inst.abcv4_0_ext_inst/GEN_AXI4.I_FULL_AXI/I_WR_CHNL/wrdata_reg_ld                                                                                                    |                                                                                                                                                                                          |                5 |             32 |         6.40 |
|  design_1_i/processing_system7_0/inst/FCLK_CLK0 | design_1_i/axi_smc/inst/s00_nodes/s00_aw_node/inst/inst_mi_handler/gen_normal_area.inst_fifo_node_payld/gen_xpm_memory_fifo.inst_fifo/wr_wea                                                            |                                                                                                                                                                                          |                4 |             32 |         8.00 |
|  design_1_i/processing_system7_0/inst/FCLK_CLK0 | design_1_i/axi_bram_ctrl_0/U0/gext_inst.abcv4_0_ext_inst/GEN_AXI4.I_FULL_AXI/I_RD_CHNL/axi_rdata_en                                                                                                     | design_1_i/axi_bram_ctrl_0/U0/gext_inst.abcv4_0_ext_inst/GEN_AXI4.I_FULL_AXI/I_RD_CHNL/GEN_NO_RD_CMD_OPT.GEN_RDATA_NO_ECC.GEN_RDATA_NO_RL_NO_ECC.GEN_RDATA[31].axi_rdata_int[31]_i_1_n_0 |                6 |             32 |         5.33 |
|  design_1_i/processing_system7_0/inst/FCLK_CLK0 | design_1_i/axi_bram_ctrl_0/U0/gext_inst.abcv4_0_ext_inst/GEN_AXI4.I_FULL_AXI/I_RD_CHNL/rd_skid_buf_ld                                                                                                   | design_1_i/axi_bram_ctrl_0/U0/gext_inst.abcv4_0_ext_inst/GEN_AXI4.I_FULL_AXI/I_RD_CHNL/GEN_NO_RD_CMD_OPT.I_WRAP_BRST/SR[0]                                                               |                6 |             32 |         5.33 |
|  design_1_i/processing_system7_0/inst/FCLK_CLK0 | design_1_i/axi_bram_ctrl_1/U0/gext_inst.abcv4_0_ext_inst/GEN_AXI4.I_FULL_AXI/I_WR_CHNL/wrdata_reg_ld                                                                                                    |                                                                                                                                                                                          |                5 |             32 |         6.40 |
|  design_1_i/processing_system7_0/inst/FCLK_CLK0 | design_1_i/axi_bram_ctrl_1/U0/gext_inst.abcv4_0_ext_inst/GEN_AXI4.I_FULL_AXI/I_RD_CHNL/rd_skid_buf_ld                                                                                                   | design_1_i/axi_bram_ctrl_1/U0/gext_inst.abcv4_0_ext_inst/GEN_AXI4.I_FULL_AXI/I_RD_CHNL/GEN_NO_RD_CMD_OPT.I_WRAP_BRST/SR[0]                                                               |                9 |             32 |         3.56 |
|  design_1_i/processing_system7_0/inst/FCLK_CLK0 | design_1_i/axi_smc_1/inst/s00_nodes/s00_aw_node/inst/inst_mi_handler/gen_normal_area.inst_fifo_node_payld/gen_xpm_memory_fifo.inst_fifo/wr_wea                                                          |                                                                                                                                                                                          |                4 |             32 |         8.00 |
|  design_1_i/processing_system7_0/inst/FCLK_CLK0 | design_1_i/axi_bram_ctrl_1/U0/gext_inst.abcv4_0_ext_inst/GEN_AXI4.I_FULL_AXI/I_RD_CHNL/axi_rdata_en                                                                                                     | design_1_i/axi_bram_ctrl_1/U0/gext_inst.abcv4_0_ext_inst/GEN_AXI4.I_FULL_AXI/I_RD_CHNL/GEN_NO_RD_CMD_OPT.GEN_RDATA_NO_ECC.GEN_RDATA_NO_RL_NO_ECC.GEN_RDATA[31].axi_rdata_int[31]_i_1_n_0 |                6 |             32 |         5.33 |
|  design_1_i/processing_system7_0/inst/FCLK_CLK0 | design_1_i/axi_smc_1/inst/s00_entry_pipeline/s00_mmu/inst/aw_reg_stall/skid_buffer[1144]_i_1__0_n_0                                                                                                     |                                                                                                                                                                                          |                6 |             34 |         5.67 |
|  design_1_i/processing_system7_0/inst/FCLK_CLK0 | design_1_i/axi_smc/inst/s00_entry_pipeline/s00_mmu/inst/aw_reg_stall/m_vector_i                                                                                                                         |                                                                                                                                                                                          |                8 |             34 |         4.25 |
|  design_1_i/processing_system7_0/inst/FCLK_CLK0 | design_1_i/axi_smc/inst/s00_entry_pipeline/s00_mmu/inst/aw_reg_stall/skid_buffer[1144]_i_1__0_n_0                                                                                                       |                                                                                                                                                                                          |                8 |             34 |         4.25 |
|  design_1_i/processing_system7_0/inst/FCLK_CLK0 | design_1_i/axi_smc/inst/s00_entry_pipeline/s00_mmu/inst/ar_reg_stall/m_vector_i                                                                                                                         |                                                                                                                                                                                          |                6 |             34 |         5.67 |
|  design_1_i/processing_system7_0/inst/FCLK_CLK0 | design_1_i/axi_smc_1/inst/s00_entry_pipeline/s00_si_converter/inst/converter.wrap_narrow_inst/r_shelf                                                                                                   |                                                                                                                                                                                          |               11 |             34 |         3.09 |
|  design_1_i/processing_system7_0/inst/FCLK_CLK0 | design_1_i/axi_smc/inst/s00_entry_pipeline/s00_si_converter/inst/converter.wrap_narrow_inst/r_shelf                                                                                                     |                                                                                                                                                                                          |               10 |             34 |         3.40 |
|  design_1_i/processing_system7_0/inst/FCLK_CLK0 | design_1_i/axi_smc/inst/s00_entry_pipeline/s00_si_converter/inst/converter.wrap_narrow_inst/gen_thread_loop[0].r_payld_fifo/m_xfer0                                                                     |                                                                                                                                                                                          |               10 |             34 |         3.40 |
|  design_1_i/processing_system7_0/inst/FCLK_CLK0 | design_1_i/axi_smc_1/inst/s00_entry_pipeline/s00_si_converter/inst/converter.wrap_narrow_inst/gen_thread_loop[0].r_payld_fifo/m_xfer0                                                                   |                                                                                                                                                                                          |               10 |             34 |         3.40 |
|  design_1_i/processing_system7_0/inst/FCLK_CLK0 | design_1_i/axi_smc_1/inst/s00_entry_pipeline/s00_mmu/inst/aw_reg_stall/m_vector_i                                                                                                                       |                                                                                                                                                                                          |                7 |             34 |         4.86 |
|  design_1_i/processing_system7_0/inst/FCLK_CLK0 | design_1_i/axi_smc_1/inst/s00_entry_pipeline/s00_si_converter/inst/converter.wrap_narrow_inst/gen_thread_loop[0].r_payld_fifo/gen_srls[38].srl_nx1/push                                                 |                                                                                                                                                                                          |               10 |             34 |         3.40 |
|  design_1_i/processing_system7_0/inst/FCLK_CLK0 | design_1_i/axi_smc_1/inst/s00_entry_pipeline/s00_mmu/inst/ar_reg_stall/m_vector_i                                                                                                                       |                                                                                                                                                                                          |                6 |             34 |         5.67 |
|  design_1_i/processing_system7_0/inst/FCLK_CLK0 | design_1_i/axi_smc_1/inst/s00_entry_pipeline/s00_mmu/inst/ar_reg_stall/skid_buffer[1144]_i_1_n_0                                                                                                        |                                                                                                                                                                                          |                6 |             34 |         5.67 |
|  design_1_i/processing_system7_0/inst/FCLK_CLK0 | design_1_i/axi_smc/inst/s00_entry_pipeline/s00_mmu/inst/ar_reg_stall/skid_buffer[1144]_i_1_n_0                                                                                                          |                                                                                                                                                                                          |                6 |             34 |         5.67 |
|  design_1_i/processing_system7_0/inst/FCLK_CLK0 | design_1_i/axi_smc/inst/s00_entry_pipeline/s00_si_converter/inst/converter.wrap_narrow_inst/gen_thread_loop[0].r_payld_fifo/gen_srls[38].srl_nx1/push                                                   |                                                                                                                                                                                          |               10 |             34 |         3.40 |
|  design_1_i/processing_system7_0/inst/FCLK_CLK0 | design_1_i/axi_smc/inst/s00_entry_pipeline/s00_si_converter/inst/converter.wrap_narrow_inst/w_payld_fifo/gen_srls[103].srl_nx1/push                                                                     |                                                                                                                                                                                          |               11 |             36 |         3.27 |
|  design_1_i/processing_system7_0/inst/FCLK_CLK0 | design_1_i/axi_smc_1/inst/s00_entry_pipeline/s00_si_converter/inst/converter.wrap_narrow_inst/w_payld_fifo/gen_srls[103].srl_nx1/push                                                                   |                                                                                                                                                                                          |               10 |             36 |         3.60 |
|  design_1_i/processing_system7_0/inst/FCLK_CLK0 | design_1_i/axi_smc/inst/s00_entry_pipeline/s00_si_converter/inst/gen_normal.splitter_inst/gen_no_wsplitter.gen_endpoint_woffset.gen_wbypass_offset_fifo.wbypass_offset_fifo/E[0]                        |                                                                                                                                                                                          |               12 |             37 |         3.08 |
|  design_1_i/processing_system7_0/inst/FCLK_CLK0 | design_1_i/axi_smc_1/inst/s00_entry_pipeline/s00_si_converter/inst/gen_normal.splitter_inst/gen_no_wsplitter.gen_endpoint_woffset.gen_wbypass_offset_fifo.wbypass_offset_fifo/E[0]                      |                                                                                                                                                                                          |               11 |             37 |         3.36 |
|  design_1_i/processing_system7_0/inst/FCLK_CLK0 | design_1_i/axi_smc_1/inst/s00_nodes/s00_r_node/inst/inst_mi_handler/gen_normal_area.inst_fifo_node_payld/gen_xpm_memory_fifo.inst_fifo/gen_mem_rep[0].inst_rd_addrb/rd_addrb_incr                       | design_1_i/axi_smc_1/inst/s00_nodes/s00_r_node/inst/inst_mi_handler/m_sc_areset_r                                                                                                        |               10 |             40 |         4.00 |
|  design_1_i/processing_system7_0/inst/FCLK_CLK0 | design_1_i/axi_smc/inst/s00_nodes/s00_r_node/inst/inst_mi_handler/gen_normal_area.inst_fifo_node_payld/gen_xpm_memory_fifo.inst_fifo/gen_mem_rep[0].inst_rd_addrb/rd_addrb_incr                         | design_1_i/axi_smc/inst/s00_nodes/s00_r_node/inst/inst_mi_handler/m_sc_areset_r                                                                                                          |               10 |             40 |         4.00 |
|  design_1_i/processing_system7_0/inst/FCLK_CLK0 |                                                                                                                                                                                                         | design_1_i/axi_smc_1/inst/s00_entry_pipeline/s00_si_converter/inst/areset                                                                                                                |               26 |             42 |         1.62 |
|  design_1_i/processing_system7_0/inst/FCLK_CLK0 |                                                                                                                                                                                                         | design_1_i/axi_smc/inst/s00_entry_pipeline/s00_si_converter/inst/areset                                                                                                                  |               23 |             42 |         1.83 |
|  design_1_i/processing_system7_0/inst/FCLK_CLK0 | design_1_i/axi_smc_1/inst/s00_nodes/s00_w_node/inst/inst_mi_handler/gen_normal_area.inst_fifo_node_payld/gen_xpm_memory_fifo.inst_fifo/gen_mem_rep[0].inst_rd_addrb/rd_addrb_incr                       | design_1_i/axi_smc_1/inst/s00_nodes/s00_w_node/inst/inst_mi_handler/m_sc_areset_r                                                                                                        |               10 |             43 |         4.30 |
|  design_1_i/processing_system7_0/inst/FCLK_CLK0 | design_1_i/axi_smc/inst/s00_nodes/s00_w_node/inst/inst_mi_handler/gen_normal_area.inst_fifo_node_payld/gen_xpm_memory_fifo.inst_fifo/gen_mem_rep[0].inst_rd_addrb/rd_addrb_incr                         | design_1_i/axi_smc/inst/s00_nodes/s00_w_node/inst/inst_mi_handler/m_sc_areset_r                                                                                                          |                9 |             43 |         4.78 |
|  design_1_i/processing_system7_0/inst/FCLK_CLK0 | design_1_i/axi_smc/inst/s00_nodes/s00_ar_node/inst/inst_mi_handler/gen_normal_area.inst_fifo_node_payld/gen_xpm_memory_fifo.inst_fifo/wr_wea                                                            |                                                                                                                                                                                          |                6 |             48 |         8.00 |
|  design_1_i/processing_system7_0/inst/FCLK_CLK0 | design_1_i/axi_smc_1/inst/s00_nodes/s00_ar_node/inst/inst_mi_handler/gen_normal_area.inst_fifo_node_payld/gen_xpm_memory_fifo.inst_fifo/wr_wea                                                          |                                                                                                                                                                                          |                6 |             48 |         8.00 |
|  design_1_i/processing_system7_0/inst/FCLK_CLK0 | design_1_i/axi_smc_1/inst/s00_nodes/s00_r_node/inst/inst_mi_handler/gen_normal_area.inst_fifo_node_payld/gen_xpm_memory_fifo.inst_fifo/wr_wea                                                           |                                                                                                                                                                                          |                7 |             56 |         8.00 |
|  design_1_i/processing_system7_0/inst/FCLK_CLK0 | design_1_i/axi_smc/inst/s00_nodes/s00_r_node/inst/inst_mi_handler/gen_normal_area.inst_fifo_node_payld/gen_xpm_memory_fifo.inst_fifo/wr_wea                                                             |                                                                                                                                                                                          |                7 |             56 |         8.00 |
|  design_1_i/processing_system7_0/inst/FCLK_CLK0 | design_1_i/axi_smc/inst/s00_nodes/s00_w_node/inst/inst_mi_handler/gen_normal_area.inst_fifo_node_payld/gen_xpm_memory_fifo.inst_fifo/wr_wea                                                             |                                                                                                                                                                                          |                7 |             56 |         8.00 |
|  design_1_i/processing_system7_0/inst/FCLK_CLK0 | design_1_i/axi_smc_1/inst/s00_nodes/s00_w_node/inst/inst_mi_handler/gen_normal_area.inst_fifo_node_payld/gen_xpm_memory_fifo.inst_fifo/wr_wea                                                           |                                                                                                                                                                                          |                7 |             56 |         8.00 |
|  design_1_i/processing_system7_0/inst/FCLK_CLK0 |                                                                                                                                                                                                         |                                                                                                                                                                                          |              106 |            212 |         2.00 |
+-------------------------------------------------+---------------------------------------------------------------------------------------------------------------------------------------------------------------------------------------------------------+------------------------------------------------------------------------------------------------------------------------------------------------------------------------------------------+------------------+----------------+--------------+


